Antarctica,Antarctica,AY,AQ,"4b2,1bp,1d2,j6m,h8u,j67,515,096,h0e,hgt,p58,j50,n07,neu,0b7,h82,jdv,jec,p2t,50x,p8p,j72,j5p,12z,53k,jgx,507,48b,p86,h8f,563,j56,j8n,h03,16j,43s,16c,hbz,pcp,pe2,p08,4c3,j8t,jk1,h2b,n8n,5bt,5d6,j2e,14w,169,nbf,16e,444,42r,10n,120,09d,h2p,58h,4bd,pek,pc5,53f,09u,p05,j0d,1fg,43v,j61,0b1,j2v,12p,142,p7k,48k,001,16p,182,pdq,j01,12u,147,42d,n87,56w,589,p0u,p27,52r,436,41t,00c,h75,h5s,ne5,n2c,p9m,52m,40x,nc,1c,h8p,h28,h0v,51y,n0x,49s,pbt,pd6,hgh,jew,jg9,02t,jge,h56,ps5,j29,j0w,10c,14d,h21,035,phh,4sg,14c,p8u,081,p7b,p0j,56j,phj,58c,je7,pdd,44k,10r,124,hgk,0b3,jde,5gt,p02,h88,43j,00r,024,14m,j6z,pbw,pd9,n2v,jhh,j0k,400,j7j,hex,5b8,j7w,03u,4c9,j8j,411,03p,0bx,p9h,40j,ned,0bf,4sv,4u8,501,519,j4,j7z,0fn,h2f,j8x,164,14r,h0z,425,40s,h07,n8z,h7t,pb0,p82,02e,0d7,0bu,jb4,50t,526,j6c,jdz,p2p,h8y,nbw,hgp,4cn,4e0,5gj,41c,h4,4ss,18r,42u,447,p91,18g,j1,49p,461,hbd,n0g,j05,0fp,0f9,4dc,p2e,46x,19,43e,02y,j5d,ne1,n8g,j5y,ng,p5x,h77,1de,5eh,09n,1bw,1d9,pbj,pb7,p8g,4ed,100,p7t,p96,h9,p2j,433,41q,12k,h8x,hem,h7x,53p,p7f,nb2,p0n,p20,j7s,40g,030,01n,52f,nez,56n,580,0dh,nbm,10g,nhp,537,4br,5bx,p2k,10v,128,jb5,121,404,523,50q,nhj,n0p,n22,421,43n,450,h52,h8g,48g,h3,p5d,nbr,415,hee,p0g,12b,51r,534,48u,jdn,5bs,5d5,58w,p71,nu1,h7k,n8v,10y,418,jg1,0fj,nep,j7d,h89,44f,52e,h2w,h7p,49m,nec,42z,44w,469,1dx,028,00v,4b7,18v,0f4,0dr,h55,p9c,p97,p7u,4cj,1fq,49d,1fk,504,4dg,475,1fz,n5,hbh,jc,hg1,pg1,18e,h0m,pe8,0ft,pc1,4v1,p7p,p92,nup,n2m,481,4eh,hbb,1f5,1ds,nk2,52w,091,46t,486,11,104,4cy,hgz,pb3,48n,p52,ns2,5gk,pbf,51h,5bm,n2r,n0j,53t,j2m,08x,jbx,141,52j,j7r,p0b,46e,p0x,181,jbc,h0w,h29,nh3,j09,jgs,h00,09y,p8b,p4,h86,4fh,4cf,1fd,12f,jb1,psj,080,h8b,53g,pc4,48r,1b6,58r,5bf,16f,10j,48y,j2y,j0t,j26,567,40b,4s0,497,47p,492,ph5,he3,nk5,hbw,12y,1ej,h78,58d,0dn,0f0,n8r,1fu,j23,j0q,ns3,p53,5bp,5d2,43r,p8v,jgh,50g,44t,466,47k,585,00g,16y,52n,540,407,h2t,j7n,005,p23,p0q,hb6,08t,jhp,51k,nb7,1gh,41h,j8d,45n,h0r,h24,h71,16t,186,0d2,0bp,4bm,p5s,p75,nu5,5b0,50j,p8q,pbp,pd2,5b3,1f1,pee,jdb,42m,per,jdh,49v,hen,hg0,h5r,h74,j6r,j84,n26,n0t,08d,n2n,02x,p21,588,jbt,jd6,juh,1db,1ep,pdf,4bx,14h,085,h8q,5dd,h5d,phn,41y,512,nd,18h,53x,1f2,1dp,51z,5dz,02r,14q,163,0dj,pbs,pd5,nkq,j8w,p74,p5r,nu4,4sz,12j,jbu,jd7,p8f,n8w,n2z,n1,08u,40f,peh,jhk,0d6,0bt,58e,pb1,0f5,18q,nb9,50h,j5f,06r,084,ph4,4sw,44n,460,095,123,10q,j68,hb7,n0h,hgu,j53,nej,5bb,03s,4sd,004,h83,n2e,50y,j0n,j20,jhn,025,00s,p8e,1en,1g0,43f,p9r,nkr,410,hg9,hew,46y,40w,429,h04,58x,pbm,ne4,16z,1bz,49t,166,14t,n8c,02u,n8m,j2f,107,491,p7e,jgd,n0c,5dh,p9f,49j,p0e,4cm,41d,1ff,hgy,h8v,13,nbp,4s7,0b2,jgm,h5m,j8h,p7h,nuh,j6n,j80,jbp,jd2,509,j2w,jdf,hbe,516,1dz,5du,jds,1bk,00p,022,j02,pdp,hgr,j7m,0fq,03v,12g,437,41u,j2c,p2f,h0f,08p,j57,pe1,16g,j8m,51v,538,h0y,441,1b1,40c,1bd,heh,h08,h2v,j7y,nb1,p81,40z,5by,02f,50u,527,p0k,4cc,18m,p5k,j8z,0b6,088,43w,4b8,1dk,j0j,p07,448,42v,099,43z,18d,p01,jbg,49q,03g,10b,hb3,pbz,n2w,50d,414,008,p2u,n08,p5f,jeb,4fp,ne0,1fy,n8h,jbz,58t,n2b,h8k,0be,4bh,1dd,16b,48x,j65,50c,h2e,0fm,n0y,n9,09w,09q,ns1,p51,47s,495,j5s,j75,n2q,h0g,426,40t,4be,4e2,4cp,41g,n83,he0,pcj,1f9,1dw,n2f,01q,53q,nbx,1gp,nkh,4vp,hg8,jbk,j2b,0bh,j64,hbt,pdc,0c,j2q,56q,583,51d,48j,jes,jg5,nbj,1fr,j06,pdt,n88,52s,j76,j5t,j6y,42e,jgw,5b9,46n,480,53b,0f8,0bw,103,j7v,nby,j81,nk1,16k,pe5,51e,52v,j5x,p5y,1fm,500,p9j,h7j,j0u,j27,nem,4cx,4sm,jg6,jet,44g,j07,1br,1d4,hf,5dk,5gn,1bh,j7p,hbr,jdw,n04,5bj,02j,4bs,h2j,j6d,46f,h0x,47y,10f,58b,jgp,j60,n82,49e,56m,pbv,pd8,0dk,58n,nb0,59,h53,50p,522,12r,144,n02,n21,03k,hbs,p5c,53n,j21,juj,1dh,ph1,nsj,p5j,009,09m,hb2,j7e,0bq,0d3,4ub,h7q,pbe,j6s,j85,42y,jh1,09g,n0k,pdj,4e6,4ct,h59,n27,n0u,44x,j2p,neb,p95,p7s,nk4,hbx,he4,p29,p0w,09r,hgq,01m,jej,h5e,1b2,5de,010,0fd,j6h,p2n,p00,jb6,je8,hgj,1fn,n84,403,00h,jhq,pdg,1f7,h8h,j6v,j88,51b,08q,4cs,4e5,48h,476,40p,422,pen,pg0,j5e,pe9,j71,nbq,46r,484,p8m,51q,533,47v,498,58q,08f,nbg,10k,48s,j8e,52z,h5h,5gr,419,j6k,j54,j8q,jex,jbf,10z,4eu,02n,j8b,jbd,50m,jdr,5dx,h2m,0fx,5be,ped,jbq,jd3,jgt,j5j,14e,h80,pfb,j8p,18u,511,1dc,53w,p8t,j0r,j24,1gz,5d1,51n,530,j08,44j,nb4,16v,188,0f1,n0d,p9u,p59,nkn,p0t,p26,net,hbn,473,408,hep,hg2,1fw,4kn,h2s,148,12v,4b5,10u,127,h8c,41k,43m,53j,hg5,4v0,p9g,h5p,h72,jdm,50k,neg,p5n,p70,nsn,nu0,nhr,487,46u,hgx,nb8,p9n,p7m,42h,jk0,0bm,pb6,508,nes,561,p04,09e,4ek,4s3,14x,je9,08c,00w,029,4d9,4bw,p2x,p9b,j2s,p5b,52c,41x,18x,n8q,h8r,108,je4,1d1,5dq,hgn,505,1fj,09v,hgd,nbd,n8b,p2r,5g2,5ep,h09,46k,p85,p3,1fe,p84,h0b,00d,12c,jb2,5g4,5er,je3,1b7,4c6,jdx,h25,h0s,p0f,jun,16s,185,j9,pbq,pd3,j2x,48m,44m,42s,445,45p,jgj,18n,nek,003,1fx,nk6,00e,n89,0fr,4cg,j2d,p5g,p2c,434,41r,46z,428,40v,pbn,pd0,je2,1f3,1dq,n8d,09x,56t,586,49u,pb9,n2u,02q,pg2,pep,106,ne3,51j,5bk,jbe,jdq,nex,46c,037,j5g,p0p,p22,40e,431,jbj,5db,510,083,jb0,j8g,02b,pdb,je5,jd1,44c,4st,1bn,1d0,p06,43y,h84,n2x,jg4,jer,4se,1fs,ju5,j52,09s,n09,413,n2j,10t,126,jdt,43h,p2v,j0m,jgv,n0r,n24,4c1,p88,p8j,0bz,53u,n25,n0s,pdy,51p,532,58y,pe0,pcn,065,0bd,h2d,1b4,565,p7x,pev,h2q,47n,490,j0h,n8x,4d0,4bn,he1,pb2,58j,09z,nbu,0bs,0d5,0f6,18t,4b9,08y,098,41e,5br,5d4,hbu,4s6,jb9,4du,0bg,12n,140,j2r,56p,582,5b2,nbk,h5k,18c,hb8,jhm,409,pds,hbf,42f,49n,0f7,007,50e,08r,j5u,j77,h0k,00y,1gj,46m,nbz,j6p,j82,nh0,5j0,p0y,ne7,4eb,52y,p78,p5v,16n,180,49b,n8k,p8y,4bg,nb5,h8j,hek,1b0,5bg,5dy,087,5dn,jgc,pbh,02v,j2k,5gm,41f,j74,j5r,4cq,4e3,h0h,j0z,j5c,46g,4d2,4bp,53r,1be,5g6,52h,1g4,j8y,1bt,1d6,51c,4b6,4es,jh5,521,hgv,pby,51t,536,1f6,1dt,10p,122,h50,p8n,021,1bj,pem,48e,48d,102,5dv,h01,48t,58u,pe4,pdu,48w,50b,1fb,503,162,14p,ph0,44q,463,p9k,442,42p,j2g,40d,4sh,h2u,j7x,47r,494,4sy,58f,n2g,40y,43t,n0n,n20,1f8,1dv,he5,hbq,47h,0b5,p56,5bn,5d0,h7m,48z,jen,jg0,18p,j63,1dj,5gh,j6g,h2z,j0e,n81,hb4,p8x,1bx,n0e,j7g,49r,hbm,p2y,hge,405,pdh,12s,145,n01,j6u,j87,477,h58,41j,1gn,5g5,he6,p5z,16r,184,4bk,j8f,h8n,483,46q,1bu,1d7,p7n,p90,nun,j66,n8e,jg7,0b0,5b5,5gq,09p,4b1,42k,het,hg6,439,41w,0d4,0br,1bs,1d5,n2p,j6f,52t,j6t,j86,4cu,4e7,jbr,jd4,46h,02z,5dj,08b,08v,nf,01p,5bz,16m,j7q,4bt,14f,1b3,jgq,he7,51w,539,j8u,00k,jez,pbu,pd7,new,5dr,jb7,50s,525,j69,h5x,0b9,12h,4bf,4b4,03n,50v,528,16h,j7h,53c,hez,08k,53m,47w,499,h0c,jdy,nbh,517,jdg,nhk,44b,09b,jk4,54n,560,j0v,j28,p5u,p77,jeh,18y,44h,hb1,psh,h51,n2k,p89,h7r,44u,467,49k,14y,011,00x,h6,4cd,40m,02g,nk3,43p,n8p,47d,ns5,p55,4c2,hbc,109,03h,16w,189,n85,4de,h7n,j2j,44z,jgf,peq,pg3,j03,12w,149,n8s,ne2,p2g,heq,hg3,1fv,p0s,p25,j0p,j22,j5w,j79,430,41n,08g,p7c,h26,h0t,h73,h5q,pbr,pd4,46v,488,08z,pe6,0d0,0bn,42g,p8s,pb5,48p,4ej,p2h,02m,p7d,n4,jh0,n28,n0v,4dd,00z,p7r,p94,56x,n2t,jbv,jd8,4bz,14j,58k,jgu,p0d,j5m,52p,j7t,hgb,nh5,j5k,10e,p0v,p28,j2t,53z,000,514,18j,j5z,52b,h8s,0fe,46b,ne8,nb3,5g1,p2m,p8d,0f2,0dp,094,p9p,nhh,n05,564,54r,402,026,00t,58m,nbc,03r,jhj,4fj,hgm,h8d,nbt,h1,p2b,12d,nef,j5n,j70,j6x,jgz,p5q,p73,58p,jdc,j58,1dm,1bb,4c5,4dv,10h,j0b,j55,1b8,ner,j7b,jem,j8r,09f,0fh,4s2,5bd,42x,jed,p2s,14u,167,pdk,40q,423,h2n,h2h,0fw,4bb,hby,p99,p7w,02c,09h,p09,jek,4ch,416,47z,0bc,51m,4ee,h2c,h27,h0u,pbg,4e4,4cr,587,4ec,47q,493,p7g,h57,j0g,4bc,08e,n2h,n0m,p7v,p98,hbj,nbv,h2r,h0p,h22,4ef,hgw,031,5dc,1fh,nen,0bj,56k,41b,j2u,jf,01h,1bq,1d3,44d,jdd,03y,j04,42c,0by,jh4,pbd,474,00n,020,4cw,4e9,j5q,j73,46p,482,08s,12e,53v,4c0,pdz,506,p2d,14n,160,nh1,03t,jgy,562,54p,p0z,531,4d8,4bv,08n,p5w,p79,0fk,5b7,16u,187,1b5,j8s,1f0,1dn,jup,5bu,5d7,4sk,j0c,14s,165,h02,42q,443,p7y,pej,5dm,02d,4bq,4d3,40h,p83,hbp,h7d,43c,p2q,5bh,h05,p5m,10d,09j,18s,jeq,jg3,53e,086,4su,44p,462,je0,18b,446,42t,jgk,43x,01j,p03,h81,j51,her,hg4,0b8,412,50n,520,hb9,10s,125,006,48v,h8e,4db,489,46w,40k,p8z,58v,427,40u,4s5,jg2,jep,n7,n0w,n29,4em,pb8,438,41v,58z,44r,464,101,5dp,j0y,jhr,47m,h8w,09c,pch,52g,ney,j5b,j2h,nbn,581,hbv,h8z,j62,je6,p7j,nuj,h5j,j6j,jbn,jd0,16q,183,5f,09t,j00,pf0,pdn,51s,535,h0j,p2z,5ej,n03,jdu,12q,143,00b,j7k,0dx,1fc,p87,47x,p8k,435,41s,5dw,j8k,10m,4ds,48q,58s,jdj,502,je1,52x,pdv,03j,42b,1bv,1d8,02p,h2k,432,41p,hd,47t,496,n8y,jdp,4sx,j0x,5g3,43u,jb3,0bv,18w,50r,524,jgr,5bw,5d9,097,06p,082,129,10w,h87,0b4,p57,1bg,471,002,43k,02k,pbx,03e,neh,48c,p5h,nsh,n8j,pbk,ne6,485,46s,43d,16d,nb6,h5t,h76,nee,4bj,0bk,168,14v,00m,105,42j,1g5,089,5dt,hg7,pb4,4s1,jgb,53s,j2n,02w,44v,468,52u,52k,nkj,4by,nk0,h8t,nh4,41z,jbm,5b6,p9d,jby,1fp,4e1,08m,0bb,4s4,jb8,p8w,jgg,p50,ns0,5ds,n6,00f,n0z,p1,40n,420,12m,h0n,h20,5en,5g0,j3,pc0,0fs,53d,h0d,518,52d,j78,j5v,pe7,p0h,n8u,jbh,44e,hej,p76,p5t,jbb,1bf,p8h,p80,4fn,4c7,5b4,j6e,h2x,5g7,jbw,jd9,5bc,46d,j5h,034,14k,18k,0dq,0f3,p0m,43q,51x,jgn,p8r,j8v,p8c,1by,j0f,nev,j7f,16x,50f,56r,584,406,hc,093,p0r,p24,4ce,12x,00q,023,451,p2w,h2y,41m,03q,090,jdk,1bc,h5n,h70,h8m,nhn,09k,n8f,5c,pd1,56h,18z,566,1b9,hb0,neq,42n,440,nbe,4e8,4cv,pbc,j6q,j83,01k,42w,449,14z,p93,p7q,nuq,02s,j7c,40r,424,49h,n2s,h2g,hgs,h54,1dy,he2,401,1g1,pde,p0c,n0b,p54,ns4,1ft,4ck,5dg,08h,44s,465,1bm,j6w,j89,hbg,n86,nbb,00j,52q,5gw,48f,08j,nbs,j8c,4eg,h0q,h23,j2z,0d1,j59,pe3,4c4,5b1,jg8,47e,p6,j0s,j25,jk5,5gp,4b0,10x,53h,n3,jee,jbs,jd5,08w,06h,58g,j7u,hbk,50z,j6b,02h,4bu,0dm,161,53y,4cz,513,417,5bq,5d3,h7h,18f,49c,hb5,4df,n80,47j,n2d,44y,p9q,n0f,pbb,03m,h79,h5w,027,00u,n8t,nkp,529,50w,n06,ne9,12t,146,h85,4b3,n2y,n0q,n23,4kp,n00,hed,p5e,h06,43b,5bv,5d8,h7e,nsp,p72,p5p,1f4,1dr"
North America,Honduras,HO,HN,"d4u,d4f,d49,d4g,d46,d5h,d4c,d42,d43,d4s,d47,d4d,d4e,d48"
Africa,Liberia,LI,LR,"ec2,ec1,ec6,ec3,ebc,e9r,ebf,ec4,ec9,ec8,ec0,e9p"
Asia,Dem. Rep. Korea,KN,KP,"wzs,wz3,wyf,wzk,wz6,wze,wy8,wz0,wz5,wz1,wz4,wyd,wyb,wzh,wyg,wyc,wz7,wy9"
South America,Ecuador,EC,EC,"6pr,9bq,d20,d0r,d24,6py,d21,6pn,6r0,3zz,6rd,6pq,6r8,6pb,6pz,3zy,9bn,6rf,6pp,6r2,6pw,6r9,6rc,9bp,d0p,6rb,6px"
Africa,Egypt,EG,EG,"ssw,sgb,ssz,stq,sgc,stx,ssk,ss4,ssp,su2,st6,seu,stt,su1,sez,ssd,ss9,sss,sgf,stp,sv2,ssh,ste,ssg,stw,stm,seg,ss1,sth,ssv,su8,std,st5,stj,ssr,sey,ssc,sts,sec,st9,str,sv8,ssu,st1,ss5,ssf,st4,sef,ssq,su3,ss6,ssm,stn,sv0,sub,ss7,ssj,ssy,st7,sev,ss3,stk,sse,st3,sst,ssx,ssn,su0"
North America,Cuba,CU,CU,"dhh,d5g,dhn,d5v,d78,d7e,d7c,d5z,d7f,d79,dhp,d5x,dhj,d7d,d5u,d5y,d7b,dk0"
North America,Curaçao,NT,CW,"d6p,d6n"
Africa,Djibouti,DJ,DJ,"sfj,scv,sfq,sfn,scy"
Oceania,Norfolk Island,NF,NF,rdz
Oceania,Papua New Guinea,PP,PG,"rqf,rq1,rqh,rnw,rpn,rr0,rq5,rmv,rrn,rnz,rr7,rqe,rrm,rnm,rrq,rrf,rpj,rq6,rrj,rre,rpk,rq2,rns,rnv,rq9,rpt,rny,rpp,rmu,rq7,rrk,rqy,rnu,rq3,rnt,rq8,rrh,rr5,rps,rqc,rrs,rrd,rnk,rr1,rqg,rnq,rqk,rnx,rpm,rq0,rpq,rph,rr9,rq4,rpr,rr4,rr8,rqb"
Europe,Poland,PL,PL,"u2u,u3r,u36,u3m,u3w,u2g,u2v,u37,u3h,u93,u2z,u90,u3d,u2y,u8b,u3k,u3e,u2x,u88,u3p,u3s,u3t,u3j,u91,u8c,u34,u35,u3q,u3n,u92,u3x,u98,u2w"
Europe,Portugal,PO,PT,"ez1,eqw,etu,er1,eyc,ez3,eqt,etk,eyg,ez4,equ,eqc,eyd,ez7,ez6,ey9,eqg,etg,eyf,ez5"
South America,Paraguay,PA,PY,"6et,6ep,6g2,6sn,6u0,6sk,6g9,6ew,6s5,6sq,6es,6g0,6en,6ex,6er,6gb,6st,6g8,6ev,6sp,6sw,6sm,6ey,6sh,6eu,6gc,6eq,6g3,6s7,6ss,6sj,6ez,6eg"
North America,Turks and Caicos Is.,TK,TC,"d7v,d7u"
Asia,Uzbekistan,UZ,UZ,"tw8,trx,v24,trg,trr,v20,tr8,try,tx1,tr2,tre,tr6,trv,trh,trq,tqx,tx0,tr9,trm,tx4,tru,tqy,trd,tx6,tpx,txd,tqz,txk,trn,v0p,trp,tx7,trj,tpr,trt,trc,tx3,trw,trb,tpz,tr7,tqv,trk,tr3,v21,tx2,tx5,twb,trs,trf"
North America,Aruba,AA,AW,d6n
Asia,Afghanistan,AF,AF,"tw8,tmm,tq5,tqk,tqq,tmq,tqw,tmw,tw0,tq7,tms,ttb,tt8,tmx,tws,tqx,tmg,tw9,tqp,tw3,tmt,tqt,tmy,ttc,tmh,tqh,tqm,tmk,tmz,tm7,tmu,tw2,twc,twd,tw6,twe,tt9,tmj,tqj,tw4,tmv,twf,tmr,tqr,twt,tw1,tqn,tme,tw7"
Asia,Japan,JA,JP,"xns,xp5,xpz,wyn,xn1,xj7,xhu,xpm,xkm,xng,xn5,xph,wvk,wy5,xnk,xjb,xpu,wyq,xn4,wvu,xn9,xpt,wug,xn0,z0h,wvg,wyj,xpx,xpj,xje,wuf,xnf,wvh,wsr,xht,wv5,wut,wvt,xhk,wyr,wvy,xn3,xnd,wvs,xn6,wyh,wvm,xps,xne,wvz,wu3,wyp,wue,xpw,wud,xhs,xpk,xpy,xn7,wu2,wvv,xhv,z0j,xjg,xnu,xp7,wuu,xpe,wsx,xpv,xn2"
Africa,Dem. Rep. Congo,CG,CD,"kw6,kr6,kts,kqz,s89,krv,kx3,s2j,kxd,s2y,kqu,kwc,s8k,krj,s2k,s85,kqr,s8f,s8e,s8t,kqb,kqc,kwg,s81,s2r,krn,kru,kwv,kwk,krg,kxh,krr,s88,kw2,kx7,kwb,kqf,s2z,krm,kx2,kqt,kr5,kx8,s82,krz,s2v,kqy,s8v,s87,kxs,krs,s8g,ktt,kwh,s2q,kw7,s8d,kw1,s8s,krh,ktf,kqp,kr1,kw0,kxu,kry,kxb,s83,kr7,krt,kx5,s2h,kw8,kwt,kqx,s2m,krp,kx9,s86,kxf,kxc,ktu,s2p,s8h,s8c,kw4,kwe,kx1,ktv,s2t,kqw,kxk,krk,kw5,kx4,kxt,ktc,s8j,kxe,s8q,s84,krx,kw9,s2x,ktg,kws,s8u,s80,kwd,kr0,s2w,kqs,kre,kr4,kwf,kx6,kqv,kx0,kxg,kqg,s8b,kwu,kw3,s2n,krw,krq,s8m,kxv"
Europe,Andorra,AN,AD,sp9
Asia,United Arab Emirates,AE,AE,"thp,thh,tk8,thm,thk,thx,thq,thn,thj,tk2,thr"
Europe,Ukraine,UP,UA,"u8s,u83,ub1,u8g,u9h,u8r,ubb,szb,uc2,u8v,ub7,ubu,u8z,u94,u89,u9m,u8u,ub4,ubf,u90,szc,ub0,u8k,uc1,u8f,u9p,u9q,u8j,u8y,ube,ub8,u8b,u8p,u2x,u95,sxz,ubk,u8e,u8m,u88,u9n,ubs,u8x,ub3,u9j,ub9,ubd,u8t,u91,ub6,uc0,u8c,u8q,u8n,u9r,u8w,ubc,ubg,u8h,ub2,u8d"
Africa,Angola,AO,AO,"kmh,kt8,kmm,kqu,kq5,kmu,kqr,kkf,km9,kqb,kqh,kqc,km5,kmz,km1,kkb,kq9,kmd,kmy,kmq,kq1,kkg,kqf,kqe,kq4,kqt,kmv,kqy,kmj,kqq,kmp,kme,kqn,kqm,kw1,kkc,km0,km6,kqp,kmr,km7,kku,kr1,kw0,kq3,km2,kqd,kkz,kq6,kqx,kmw,ksb,kmf,kms,km3,ktb,kqj,kq7,kqw,kmc,kqk,kkv,km8,ktc,kmn,kmt,kmg,kky,kr0,kmk,kqs,kqv,kqg,km4,kmx,kt9"
North America,Anguilla,AV,AI,"de6,de5"
Europe,Albania,AL,AL,"srt,srn,srm,srw,srj,srq"
South America,Argentina,AR,AR,"69j,62j,69u,69c,6e4,4qg,4rr,4x3,6dh,6ds,6d3,686,66t,697,6et,69f,69y,66w,689,62w,4rm,68c,6ep,6g2,63x,4qx,67x,4rz,6d6,6ej,6e7,69m,6db,681,6s1,6em,6ec,4x8,6e0,63n,4xb,4rv,68b,4w2,692,67p,6ew,6s5,62m,69p,69k,6eb,69z,68g,62t,6dv,4qu,6de,69b,6ef,69v,68d,69g,4qy,63y,62x,4x2,66x,6s0,4rs,62k,6es,69s,4ry,6s4,6dm,6g0,6en,6e3,6dw,680,66n,6d2,63q,62p,4rh,691,4w1,6d5,68e,4rk,6er,4r5,62s,63z,4qz,66z,6ee,62y,6e6,6dj,6dq,63t,6d1,6dd,6e8,695,63v,4qv,6ek,698,62h,4r7,62u,69w,69d,6d7,6dn,6e2,4rp,6du,62r,6g1,4w4,694,67r,69r,69h,66q,683,63m,6d8,69t,4rt,4w0,67n,690,6dx,66m,4x9,4rx,63p,4qp,6eh,6eu,4qw,63w,699,6dt,62z,63j,6dg,68f,4rq,66y,6d0,6ed,69e,6e5,4w6,696,6eq,6g3,62v,6dz,4rn,688,6dc,6d4,6e9,66r,63r,4qr,4rj,6fb,4xc,62q,6dy,62n,6d9,69q,693,4w3,4rw,69n,6df,6dk,4ru,69x,6e1,682,66p,6eg"
Oceania,Ashmore and Cartier Is.,AT,-99,qtz
Africa,Congo,CF,CG,"kr6,s2k,krc,kru,s2s,krg,s24,krd,s23,kr2,s27,kr1,s21,kr7,s2h,s26,s2m,kr8,s2e,s2t,krf,kr0,kr9,kr3,kre,kpr,kr4,s25"
South America,Colombia,CO,CO,"d2n,d3j,d39,d2x,d34,d3e,d2d,d2s,d20,6rw,d30,d6h,d0r,d24,d21,d27,d4q,6rt,d3p,d2h,d82,d38,d3u,d2w,d3n,d4r,6rs,d2m,d35,d2t,d2b,6re,d4j,d2e,d31,d23,d3f,d3m,d28,6rn,d2g,d3h,d29,d2z,d26,d0t,6rf,d6j,d33,d3g,d2q,6ru,d32,d65,d2f,d2u,d2k,d36,d90,d2y,6rg,6rm,d3k,6rq,d3d,d2c,d88,d25,d0p,d22,6rv,d80,d37,d2r,d3s,6ry,d2j,d2v"
North America,Antigua and Barb.,AC,AG,"deh,de5"
Oceania,Australia,AS,AU,"r1m,qfm,r4p,r62,r77,qdm,r4e,r7c,quw,qe8,qv9,qfz,qfp,qdz,qu4,qsr,r6b,qdw,qf9,r47,r73,r1h,rhx,qvz,qdf,qd7,r65,r4s,qey,rh2,qux,qes,r0y,r4t,r66,qds,rh4,qvk,qef,rh7,qft,r3d,qv5,qdb,qeg,qu7,rjn,qyn,rhg,qe4,r43,qde,qu8,r76,qvt,qd3,r1e,rj5,rhs,r22,qf1,qut,r6h,rhb,rk4,r4x,qyh,qv1,rhf,qec,rjh,qsz,r32,r1p,r1z,qe0,rd3,r6k,rk6,qcz,r1b,qek,q9y,qs5,rnm,qup,qfc,rjs,r40,qsn,qu0,qem,qg,rju,qdj,r36,r1t,rh5,qum,r3c,r0w,r29,r1n,r30,rhm,qub,qug,qu6,qst,q9z,qdp,qf2,rhy,r1s,qe7,rjj,r0r,qyj,qu1,r1x,r4z,rhh,pw3,qdd,quh,r74,qdu,qf7,r1j,qee,quq,r4c,r6t,qdc,r63,r4q,qtp,qv2,qd6,rk0,r4d,qdv,qf8,q9v,qfv,qe1,quv,qvv,qe6,qv7,qed,qez,qsk,r4h,qej,qeu,r69,r4w,r70,r4m,rhe,rj8,rhv,r17,r41,r0z,qsy,qsj,rjr,rk3,qs4,r4b,qvd,qen,r7b,r46,rj2,rhp,r3g,r5,r7j,qvs,r3b,qfs,qer,r1w,r39,r28,r1d,qfb,qd5,rjc,quc,r7f,qfx,rjp,r49,rhz,rh9,r7k,r4j,rhn,rj0,r1c,qd4,rh0,rh6,qfw,qur,r6s,qe5,qv3,rk1,r6d,qu2,qsp,qdt,qf6,q9c,qe2,r7g,rjk,qfk,rj4,rhr,r31,qs0,r79,quf,r4v,r68,q9u,r7e,qdq,qf3,quu,r20,qfe,rhd,qv6,r42,q9g,qdy,r3f,rjq,rjw,r1k,r75,r38,r1v,qdh,qd1,qvw,qvr,r4r,r64,rhu,qd9,quz,r6e,rk8,qff,qs3,qev,qfr,qvh,qu5,rjb,quk,r45,qsx,r71,r4n,r60,qvn,qeq,r1g,qew,r4g,rj1,r7t,r6f,rk2,qs7,rj9,rhw,qs6,qdg,qs1,r19,r78,qsm,qfy,qeb,r67,r4u,r1y,rhk,r7h,r72,qvj,qvq,r4k,qv4,qeh,qep,r0x,qe3,qdr,qvp,r1q,r33,qfd,rh8,rj3,rhq,qsq,qu3,rjm,rh3,r7d,r48,r3e,qus,qvu,r61,rn1,que,qv0,qfq,qud,rh1,qet,r4f,qdn,qf0,qe9,qdx,qsw,qu9,rk5,r1u,r6g,r6u,r1f,qfg,r7s,r44,quj,rhc,pw2,qfu,rht,quy,r6c,r15,qsh,rjv,qvy,qvx,rjt,rnj,r2c,r1r,qex,r23,rhj,q9f,r6v,r4y,qdk,rkb,qun,qvm"
Europe,Austria,AU,AT,"u26,u2k,u29,u22,u2d,u2e,u0r,u24,u0q,u23,u2s,u27"
Asia,Bangladesh,BG,BD,"w5c,tun,wh0,tuw,wh3,tuq,w5b,wh1,tux,tgz,tup,wh2,tur,w59"
Europe,Switzerland,SZ,CH,"u0j,u0n,u0h,u0p,u0m,u0r,u0q,u0k"
South America,Chile,CI,CL,"62j,66h,4qg,624,66t,66w,4rd,3em,6kw,4qx,67x,65r,4qk,63k,4qn,4rv,627,67p,6eb,66j,6kx,4r6,4qu,63u,6kr,62g,635,4qy,63y,67y,63h,4rs,62k,3e4,6ky,66n,4qq,4rh,6kn,4rk,67j,4r5,62s,4rf,4qe,63t,4qt,6kq,6e8,63v,4qv,67v,62h,4r7,62u,64p,625,4r4,67r,66q,63m,4qm,4rg,4rt,4w0,67n,66m,4qp,4qd,4re,4qw,67w,67z,63j,4qj,66y,637,4q7,67t,4qs,63s,62v,64n,66v,6kt,4qf,62e,61y,4qr,67m,6kp,626,3ek,67q,4ru"
Asia,China,CH,CN,"wsy,twx,wkg,wec,wwy,wt3,wrq,tuv,ybh,wm,ybp,wzs,wp4,wj3,whq,w7y,wjd,yc8,wtv,tvw,wxq,wz3,wsk,tv9,wjb,yb0,w5z,wzu,txh,wk0,ww9,vb5,wsu,wxz,tyr,tzk,tyc,wjp,wrm,tvj,w7p,tzj,wp8,vbm,y9p,whm,wxm,wjk,why,wpx,yc1,y8q,wx3,tz3,txq,y81,wxe,tvf,ww2,wzg,wk7,y8k,wrj,ws8,tzd,wrx,wws,vbr,y8x,wht,wj6,twp,ty2,whc,wz6,wxt,wwd,vbx,tzs,wk3,wkx,ybd,wpd,wjh,wx0,y8n,wks,yb7,wjc,wjw,y02,wzt,w7v,wzc,wz2,wxp,tv5,wpu,wr7,ttx,ty5,tws,wtw,wpg,wtf,wxw,wz9,wje,tvx,tzx,tyk,wt5,wrs,wjx,ws0,tvg,tvn,ybq,wky,wx2,y8p,w7z,wze,y8e,y8u,wx7,wt7,wjr,ww0,wwz,wkh,twy,wrp,wt2,ws6,wpq,wr3,tyw,ty1,wjt,wzv,tzc,wse,tvk,wxj,wtj,wkk,vbj,whx,wku,w7m,wn,yc2,wp3,whj,yb1,wtm,y8g,wsv,wwv,ybu,tyb,wpm,tz8,ybg,y08,vb1,wsd,wwc,tyn,y01,vb6,wxn,wz0,y80,wtn,tzv,wte,wkb,twz,wrk,tz2,txp,wpt,wr6,ws7,whn,wj0,y9r,tyq,wk1,vbq,ybc,ww1,y8h,wzf,wrh,tyj,y85,wts,tv6,tvr,wpc,wq,y9m,wwm,ww6,wxs,tuz,wsm,wkn,ybm,wxd,tzr,wp0,wwh,y9h,w7u,wx6,y8t,ws3,wrt,wt6,wk6,wjs,y2p,wpp,wr2,tz6,whb,wx1,wj5,wdb,tyu,tvt,yb6,ty7,twu,y8y,web,wk4,wrr,wt4,ws5,vbt,wjy,wzd,wj9,whw,wtg,tz9,w7t,yb5,whv,wj8,ty0,y8s,wx5,tyx,wz8,wxv,y8d,wpw,tyf,ttz,wp7,tvh,w7j,ybf,wkz,ybn,tvm,tzh,wp2,w7c,vbk,wk9,tzm,y9j,wwj,wpf,wt8,vbp,wwu,wjq,wtk,wxk,y8m,wpj,tv7,y8w,wx9,wjz,wxg,y8f,tyg,wwf,wsf,ybt,ybj,wkv,w7n,ybb,wxh,wj1,vb0,wke,wju,wjf,tvy,tzg,tzy,whz,wz1,wwq,y9q,y00,y8z,wpn,wr0,wkr,w7b,w7q,tv3,wtc,tz1,ty8,twv,wwb,vbw,wst,wsb,tzb,tvu,wxc,wtd,ybx,tzu,ww8,typ,tvz,tzz,tvc,vb4,tvb,wxy,yb9,wp1,ws1,ws4,wsc,y84,wtr,twr,ty4,txj,wps,wr5,wxr,tz5,whr,wj4,y9x,wwx,yb4,vb7,tyt,wkd,wtu,y87,tye,tvd,ww4,wjn,wwg,tzq,wt1,tvq,wp6,wk5,wpb,ww5,w7g,tzf,wkm,y9n,wp5,wx4,y8r,whp,wj2,w5y,tzn,wr8,ybs,wkj,tzw,tuy,tyy,wtq,wjg,wwk,tyh,tz7,wjv,tyz,wp9,yc4,w6z,tz4,txr,vbn,ws9,wwe,wt9,wrw,wkf,wpk,wx8,y8v,tv8,twm,wth,wxx,wxf,tym,tyv,yc0,wj7,yc3,tz0,txn,yb8,wwt,tv2,tys,tvv,wph,y8j,wrz,yb2,wr1,ww7,wk2,twq,ty3,wtb,wty,vbh,wkp,wss,yb3,wjj,wxb,tve,tzp,wtt,y86,wjm,tvp,wkq,ybk,y04,wk8,ty6,twt,wpr,wr4,ty9,tww,wre,wkc,vbs,tyd,ybw,ww3,wrn,wt0,wzb,tvs,ybe,ybr,wpe,wxu,wz7,tze,wkt,www,y9w,wsg,ws2,tzt,wkw,w7w"
Africa,Côte d'Ivoire,IV,CI,"ec7,ebu,ech,ebg,ecw,ecv,ecq,ebv,ec1,ec6,ecs,ec3,ecg,ebf,ecd,eby,ec4,ece,eck,ect,ecm,ec5,ecj,ecu,ecf"
Seven seas (open ocean),Clipperton I.,IP,-99,99f
Africa,Cameroon,CM,CM,"s3d,s2d,s66,s30,s1n,s33,s34,s1r,s0x,s0r,s37,s0q,s23,s3g,s28,s36,s27,s2b,s32,s1p,s2c,s3c,s0y,s22,s64,s26,s2f,s0z,s31,s0w,s29,s61,s3f,s2e,s39,s38"
North America,Costa Rica,CS,CR,"d1m,d1g,d0f,d1k,d1v,d1s,d1t,d1e,d1u,d1f"
Europe,Czech Rep.,EZ,CZ,"u2u,u2g,u2v,u31,u2b,u29,u2f,u2d,u2c,u2e,u34,u35,u2s"
Europe,Germany,GM,DE,"u0t,u0s,u1p,u32,u1t,u36,u1y,u1j,u1k,u0x,u31,u1x,u1m,u2b,u0w,u29,u0z,u3d,u33,u1q,u22,u1n,u30,u0m,u2c,u0v,u28,u39,u1w,u1h,u0r,u1r,u34,u0q,u23,u1s,u0y,u0u,u1v,u38"
Europe,France,FR,-99,"u0t,spu,u0s,mjb,u08,spq,ezy,dbe,u0j,dc1,spg,gbx,spv,u03,u0e,u14,dds,u04,gbp,db9,gbw,spb,sp9,ezx,u07,spf,u0h,dbf,mhp,u0d,gbt,u0b,ddu,gbq,spd,mj8,u0m,spc,gbm,sp8,u0g,u00,u11,ezw,u06,gbz,db6,dbc,spe,gbs,gbn,u02,spt,u09,u0c,dbg,u0f,gbr,db3,sps,ezz,mhr,u0k,gby,spw,u01,gbk,u0u,dbd,u05"
Europe,Gibraltar,GI,GI,eyk
Africa,Guinea,GV,GN,"ecc,e9w,e9z,ef4,ec2,ef0,edn,ec6,ec3,e9v,ecd,ef1,ec9,e9y,edp,ec8,edj,e9x,ecf,ecb,edq"
Oceania,Guam,GQ,GU,"x4r,x4q"
Asia,Indian Ocean Ter.,-99,-99,"qq5,qju"
Asia,Myanmar,BM,MM,"w4v,whq,w4y,w5z,w5c,whm,w5w,why,w4m,w5n,wh4,w5t,wht,w57,w1v,w4f,w4w,w5k,w5j,w5x,whj,w5g,w1t,w5s,whn,w5f,whs,whw,w56,whv,w4g,whk,w4d,w5h,wh6,wh7,w4n,whh,w4q,whe,w4j,w5e,w4u,w5v,w1y,w5y,w4t,w55,w5m,whu,w5d,w5q,wjj,wh5,w5u,whg,w59"
Asia,Mongolia,MG,MN,"y0r,y24,y88,wrc,y03,y0v,y28,y2x,wpx,wrg,y81,y8k,y0j,wrx,y06,vbx,y2d,y02,wpu,wr7,y2u,y8b,y89,y2g,wpg,wrs,wrb,y0x,y0e,y8e,wru,vby,wr3,y2q,y0q,y23,y2m,y08,y0k,y01,y80,y2z,wpz,y2t,wpt,wr6,y85,y2c,wpc,y0n,y20,wrt,y2p,wr2,wry,y0d,y0c,y0y,y8s,y8d,wpw,wr9,y2w,y27,y0u,vbz,y0p,y22,wpf,y2f,wrv,y8m,y2j,y09,y0g,y8f,y00,y2n,vbw,y1p,wxc,y0h,y21,y11,y05,y84,wps,y2s,y87,y0t,y26,y2b,wrd,y25,y0s,y1j,y2v,wpv,wr8,y0b,y83,y0w,y29,wrw,y2k,wrf,y0f,y0z,y2h,wrz,y0m,y1q,wxb,y86,wpy,y2y,y04,y1n,y30,y2r,wre,y8c,y14,y2e,y82,y07"
Europe,Jersey,JE,JE,"gby,gbw"
Asia,Lao PDR,LA,LA,"w6d,w5z,w79,w70,w76,w6u,w7d,w5x,w75,w6g,w5p,w72,w7c,w6f,w7b,w5r,w74,w6s,w71,w67,w78,w6e,w73"
Africa,Libya,LY,LY,"ss8,smm,s7w,smd,smw,skk,sm2,skp,s7x,skf,sm7,sku,sk2,smh,shr,se9,smz,skb,skq,sm3,skw,sm9,sk6,ss9,st2,se2,shx,sjp,sms,sk7,smr,sjx,smn,se8,sk9,ss1,ske,sky,st0,s7v,sk3,sm6,skt,smy,ssc,seb,sec,smc,shw,st9,sk4,st1,ss2,skz,smk,s7u,smf,s7z,sjr,ssb,sm5,sks,skm,se3,st8,skd,shz,smx,skj,stb,skh,smj,sk1,ss3,sjn,sm8,skv,sm1,st3,ss0,sk0,sjq,sme,sk5,smp,skc,skr,sm4,skx,s7y,smq,smb,shy,sk8,skg,skn,sm0"
North America,Saint Lucia,ST,LC,"dds,ddk"
Europe,Lithuania,LH,LT,"u9b,u6p,u9c,u9g,u3z,u99,ud0,u3y,ud1,u9f,u9d,u98"
Europe,Monaco,MN,MC,spv
Europe,Moldova,MD,MD,"u8s,u8k,u85,u8j,u8e,u8m,u8h,u8d,u87"
Europe,Malta,MT,MT,sq6
Africa,Mozambique,MZ,MZ,"kv5,kvb,ku8,kv9,kvf,kep,ksr,ksn,ku0,kv1,kex,kvu,ku9,ktj,kvm,ktx,ktn,kv0,kez,kvg,kuf,kv6,kvk,key,kuc,ksx,ktm,kug,kvs,kg8,kgc,ksz,ku2,ksp,kv7,kvh,ken,kvd,ktq,kv3,kv8,keq,ker,kgb,kud,kvc,ky5,kg9,kew,ku1,ktr,kv4,kub,ktp,kv2,kve,kyh"
Africa,Mauritania,MR,MR,"eu6,eeu,eg7,efg,edx,ef9,edw,egb,eem,eu3,eus,eud,ege,eue,eee,eex,ees,eg5,esx,egd,efc,egg,een,eg0,esr,eu4,eu7,eey,eej,eff,efu,euf,eg6,eet,edz,eu9,edu,eeh,efb,egc,eg4,eer,eew,eg9,eek,eu8,eez,eg1,eu1,eg8,eev,edy,eu5,egf,ef8,edv,euk,eeq,eg3,eeg,esn,eu0,eg2,eep,esp,eu2,euc"
Asia,Philippines,RP,PH,"w8v,wbc,wem,w9y,w9h,wc3,wdx,wej,wf1,wep,w9q,wey,wen,w9z,wc8,wc0,w9s,wc2,wdm,wdy,wdj,wdn,wf0,wdt,w9v,w97,w9j,w9w,wf8,wdv,w9t,wdz,wc1,w9k,wdq,w9e,wew,wc9,wdr,wcc,wdw,wc6,w9x,w9n,wdh,w9r,wcb,weq,w8u,w9u,wf2,wdp"
Europe,Romania,RO,RO,"sxu,sxc,u83,u86,u82,u2n,u89,u8k,u85,u8j,u84,u8e,u2r,u88,sxg,sxv,u80,srz,sxb,u2p,u8h,u81,u8d,sxf,u87"
Europe,Russia,RS,RU,"vq8,ys1,ub5,b5m,v9x,y9y,zgn,z6p,v5m,uds,b5z,vem,zsk,ybp,u9t,yuw,yj4,wzs,vsg,zh3,z43,y39,y1w,vcv,ve8,ug9,uew,ucx,ycq,ubh,ugw,ycd,zec,zdf,v1h,yc8,vum,veu,v5h,z0s,z25,zhk,vvj,vhh,v1b,szv,y3m,vuz,z2z,xpz,vc6,z1t,ugh,z4s,z01,vcj,ym4,ykr,udy,v5s,v1s,v35,vhy,ucr,vn5,zep,zg2,z19,yk5,yjs,ysq,yu3,ykt,ym6,v3k,v5b,zup,ysb,y99,yv4,yn7,vcy,yk2,yn5,ubm,zgr,bhd,z6t,yus,uup,z3w,zjk,yud,zdc,yjm,y1k,v53,vk7,z3r,y0v,zgw,z14,vnh,vm1,ubw,vht,vsx,z4x,yue,ucc,zeg,uep,ug2,v13,vex,vqe,z0g,uc8,z08,vvn,udj,z1h,v3f,v31,zdk,zh8,y3y,yc1,u9b,ucn,ve5,vcs,vn1,zs6,vkm,v08,z4g,usn,uu0,ugm,vsj,zgf,vcn,ve0,b57,yj1,v59,v3w,vmt,v19,ysu,yu7,zu0,zsn,ymt,yv0,vup,vsd,vkn,vm0,u9w,vhm,y92,vep,zhe,ybv,z15,uc2,b5e,ze0,yjq,ycw,v1u,v37,yj3,v02,zhr,z3n,zjq,yuj,ze5,zge,zu5,vvx,zk2,v0y,vvq,zk5,z10,zuk,ykg,y4,zjn,y3v,yh,uu6,v7,zek,v57,v3u,y3e,y9s,zjh,zd4,u3w,yjc,z4k,y17,zkr,zdy,v04,vmq,z0k,zez,udk,z6e,v15,z9e,z9z,z5,ymc,zs3,ugq,v5z,zux,ysh,vt9,vwn,zhh,szu,vqs,vs5,y9d,ubq,udz,v1z,ysy,vc9,udw,uc6,vu7,vsu,zed,z1c,ys5,v0c,vm4,vkr,zgy,v9g,vcd,szg,ymm,y1c,v3d,z47,vth,ug5,ycm,tp6,tpc,vc3,vnp,v1d,zdb,vm9,ych,ymp,yd,zdt,zeu,zg7,vcg,vs8,v5f,zsd,y1t,y36,z21,zh0,ysc,zm7,v6,wzt,ub7,y13,vuf,zgm,v5w,vuw,ykn,ym0,z6v,z0b,ud7,ubu,yk9,ysm,vhq,yn1,yjw,yt2,ucv,wzy,z6b,vnr,ykx,vbu,y2u,y8b,yjj,vef,vk8,vhz,v9s,vv7,uex,vh1,v3x,y2g,yu4,ysr,udh,vu3,vsq,ubx,ymq,ye,szx,uc9,tp3,zm2,zkp,zgs,y3n,z04,vc7,yn2,ycv,ym1,ybq,y3c,y1y,zh4,ynn,zj9,zhw,vej,ycr,ve9,vcw,zgb,zg3,zeq,yjf,v09,yc7,usk,ugx,zuq,vhu,vuj,vet,ucj,zjt,ub4,y8u,ykb,ys2,szf,y90,z09,y9z,v9y,ubf,vby,udr,v34,v1r,vck,y3t,usj,z0y,y16,v5r,uck,z2t,z46,ugs,vsh,vkj,yk4,uem,wzv,bh5,vey,zu1,yv5,vsk,y19,vq1,z6s,z93,yq0,z00,ykk,ymh,z1f,y1f,yc2,zgz,vcr,ve4,z0h,ze1,zfu,zh7,z40,zem,ucg,zd0,z69,z4w,vue,ucy,zk0,yme,ykf,y3h,vun,y8g,tpf,v2f,vvk,vee,y9v,ybu,xpc,vbg,zum,vs1,ynj,v5n,v1n,v30,v3g,b5c,yut,ybg,b5y,ven,v3c,uyr,ymd,yk8,ys9,z4f,udg,vq0,zgv,xpx,z6c,ycg,ubp,vnm,y9c,z92,v12,v52,vsy,vk5,zkh,vch,b58,zd9,zd3,ysg,vh0,y31,bh8,z1b,uc1,vu6,vst,yv1,vcc,v01,y1b,uu5,veb,z6w,v9z,vhp,y2z,zs2,v0z,zej,ugp,z13,tpb,ucu,ynk,ysx,ykj,y3u,zgp,vs4,ucb,vus,yup,vkx,ucz,zh1,zdx,z1m,vf,z0f,bh2,yby,y91,yjn,v5j,u9z,yck,v1j,vq4,v16,ubt,ycz,y2c,vnq,zdm,zu4,zsr,ug6,uet,zk9,y9m,y96,ysn,yu0,b5v,ze4,yj7,v3t,v56,y3d,vmw,zhv,ybm,uu2,usp,b5f,zuj,uuh,y35,y1s,zkd,vjp,vsc,uc5,vu2,vsp,v3y,u9q,y9h,vcz,z1s,z6k,zey,ykc,vkd,y3q,ucq,z9w,v05,vc2,ycn,zds,yth,ucf,z6f,vbv,vuv,ykw,ym9,v5v,zet,zg6,v38,v1v,vs9,udv,v5e,ube,v9u,v1e,u3z,vv4,z24,zhd,yum,uge,vh7,y12,z9d,u9v,vm7,z0m,ucw,y3s,zhm,szy,vcp,ve2,y0c,vux,vvp,z1j,vh6,vy3,ve7,vcu,ugj,z03,zun,y15,z4m,bh9,ynp,yjr,v1m,ymg,zms,vd,vn7,vhw,yub,vv6,zje,z0d,z9x,zs8,vkk,yu1,zgh,ykv,ym8,y10,udx,bh0,zen,zg0,y2w,ymr,zu2,zsp,uez,yjk,z06,xpb,yuq,z3y,ubk,vq2,y0u,yn3,vbz,uuj,b5b,ubz,z6r,z1e,vnk,ybf,ycu,zde,ybn,y1z,v3z,ze2,z9c,vt1,z41,vk9,yuh,ug7,ueu,ym5,yks,zgc,zd1,zkj,uc7,ze9,ycb,vuk,y9j,y2f,vc1,uby,vkq,vm3,vu8,vsv,vhj,ved,ysf,y9u,zkq,zm3,ugc,ysk,ymu,vez,szt,y1v,y38,ym2,ykp,v5q,vk1,vqt,vs6,yt5,y0g,v1q,v33,y3j,zfb,vud,udm,vv2,v4,zer,zg4,zur,wzw,y8f,y3g,ush,y9f,z98,ybt,vme,ytp,yk0,zgt,z6n,zsm,vs0,zef,b5x,ymx,ybj,u9n,uun,y1e,ubv,zhx,z4z,vc0,vtj,zk1,uy6,z2s,z45,vcx,zk7,ugy,y3x,vjj,yke,zh5,yn6,ug0,uen,ycf,z6y,y9q,y3k,zkm,zsh,vhn,y1r,y34,vms,zf9,zdw,ugu,z0e,tp2,ys4,bh1,yk3,vc8,zj3,zhq,y7,v5u,zgk,vuu,v17,wzz,ud5,ubs,ugt,zs0,ucp,yjy,ueq,ug3,z4e,zkx,zs5,ysj,ysw,yu9,v9v,y9b,ugb,vk0,yt0,vuc,vbw,vcm,z6g,y1p,y32,vur,vvd,zkc,vt4,ver,vkh,udq,uc4,vu1,ybx,y98,u3t,v1k,u9y,v5k,yuy,xrb,z4b,vcb,v3b,yj2,z0v,xp8,z3p,z49,zk4,z12,vew,z4v,z68,b5u,udp,v55,v3s,ycj,uu4,usr,ubn,zj7,zhu,vyr,zm6,zkt,u3y,zs9,vv3,z1n,z0q,ugf,yje,yun,ve3,vcq,ymk,ycc,zex,y11,v9c,z9g,y3r,v9r,vve,yk7,ys8,v06,z6d,vwp,vy2,v5d,v9d,uct,vqq,vs3,y1h,y9x,ub6,vk4,ugk,vsb,v1w,v39,vmm,uu1,b59,vn4,v1f,zfg,ze8,zu7,y94,ubj,z17,u9u,y9g,uc0,udu,vm6,vu5,vss,yu6,yst,v9e,v51,ycy,v00,z2k,zjs,y2b,vq7,y1m,z9v,zk8,v11,y95,tp8,vhv,yc6,ves,yf,vh5,vc5,yj6,uce,ymn,z42,z9b,y1j,zhy,vn6,vmk,yug,veh,z18,zd2,ze7,zes,zg5,yc9,vuh,ykd,y2v,y1g,zhn,zj0,v1c,z0t,yt8,y0b,ybs,z2y,z4t,ugg,yur,v5x,yjh,v1x,vqm,yj5,zkk,z44,zfc,vhx,zdh,vsf,zgx,tp9,yk6,b5g,z0c,udn,vek,zeb,yj0,vm2,vkp,yu2,ysp,y9k,ymb,v5c,u9r,y1x,vu9,vsw,vq3,z0n,z20,zu3,zsq,z4c,xrc,vsm,z3x,ycs,vct,ve6,vmx,uej,v0b,z1d,vqk,vv5,zew,zg9,yux,ym3,ykq,zhz,ze3,z6m,zh9,vut,zh6,vn2,uf,z4y,zgd,yc4,ybz,ycp,zk6,ym7,yku,yu8,ysv,usm,vhs,ugn,ugz,zgg,ve1,y3w,zdu,uch,yms,y9e,vqd,ys0,z07,zdv,zf8,ubc,vvm,vuy,bh4,z1k,y3z,zs1,ucm,zsj,z0w,ykz,yt4,y0f,zjj,u9x,vk6,yjt,ug8,uev,vv1,ubg,zs7,yuu,zhg,yuf,ug1,v3v,v58,zj5,zhs,yce,v18,z0j,z99,vmd,yse,szz,yk1,yn4,ugd,zgu,zkn,uc3,ymw,yct,y37,y1u,vg,b5d,ymf,vsz,yuc,zdd,yjz,z9u,zh2,y1d,v9k,z0u,z27,zjr,vvh,yq1,yq4,zeh,yc3,yt1,z67,z4u,zmx,vs2,ucd,vh4,yky,ysz,vub,usq,uu3,vev,b5s,ugr,y3f,y9t,zff,z7,u3x,zev,zg8,ugv,y18,ynh,b5w,zks,zdz,zhf,v03,szs,uy4,v5p,y97,yjp,vs7,v9f,v32,v1p,ubr,v14,z3q,yjx,uer,ug4,ys3,bhe,zk3,vk3,vvr,wzx,zjm,b5t,y5,v54,vv0,vtn,u98,vec,zj6,zht,z6z,y33,y1q,zkb,zuh,vse,vjn,yn0,zgq,y2y,vu0,vsn,veq,ymj,ycx,y6,zgj,z9f,z6u,vkb,vug,z9y,zkw,zm9,yuk,y1n,y30,zg1,vhr,zs4,tpd,v9t,v5y,ykh,ynm,yc5,v9w,ucs,ytj,v1y,veg,vc4,z11,y8c,vq9,vn3,zhj,v5g,szw,vuq,zse,v1g,yjd,zmd,ybw,ysd,y93,udt,z3z,y14,yss,yu5,v36,v1t,ykm,v5t,v50,v3e,vq6,b5k,ze6,z2v,z48,z4d,ys7,v9b,zjd,zu6,ude,ybr,v10,vt8,yg,z90,y9w,zd6,y3b,vcf,zkf,uey,zd7,zdg,vjr,y3p,z02,z16,ys6,zee,zd5,vce,vu4,vsr,zhp,zj2,zke,v0f"
Africa,Senegal,SG,SN,"edm,edx,edw,edr,eds,edn,edt,edh,ede,edu,edp,edy,edj,edv,edk,edq"
North America,Serranilla Bank,-99,-99,d6b
Asia,Singapore,SN,SG,"w23,w21"
Oceania,Solomon Is.,BP,SB,"rw3,rw2,rwd,rw6,rtc,rwj,rqx,rw4,rwe,rw9,rqw,rw5,rtf,rqy,rwq,rw8,rqr,rw7,rvb,rwn,rqz,rty"
Africa,Sierra Leone,SL,SL,"e9w,e9z,e9q,ec2,e9r,ec8,e9x,e9p,ecb"
Africa,Somalia,SO,SO,"sbj,sby,t1d,sbw,sbm,kzv,t13,t1s,t02,t0c,sbr,t1e,sbz,t14,sbn,sbq,t09,t17,t15,t1u,t16,kzy,sbt,kzt,sbp,t0f,t1g,t4h,t45,t10,sbx,t08,t0b,t44,t1f,t11"
Europe,Serbia,RI,RS,"srt,sx8,u2n,srx,u2j,srw,sry,srv,srz,sxb,u2p"
Africa,Swaziland,WZ,SZ,"keq,ken,kem,kej"
Asia,Syria,SY,SY,"sy6,svg,syd,sy5,syj,sye,svu,sym,svf,sys,sy3,syh,syw,sy7,svc,syk,sy4,sy1,syt,svd"
Africa,Chad,CD,TD,"s3d,s66,s7w,s6w,s3z,s74,s7x,s3k,s6s,s9b,s77,s7t,s3w,s63,se2,sdc,s6h,s3s,s7p,s6v,s37,sd8,s69,s7m,se8,s7g,s6g,s65,s7h,s7q,s6p,s7v,sd0,s6u,s3m,s3g,s36,s6z,se0,sdb,s6k,s3v,s6f,s6m,s64,s7r,s6q,sk4,s6e,s7f,s7u,s6t,s6j,s6y,s75,s7k,s3f,se3,s3u,s39,s3t,se1,s6r,skh,s3y,s7s,s7e,s6n,s6d,sk5,s7j,s7y,s3x,s6x,s67,s3e,s7n"
Africa,Togo,TO,TG,"s19,s12,s13,s1b,ecz,s18,s10,s11"
Asia,Thailand,TH,TH,"w68,w4y,w6d,w5w,w5n,w70,w5t,w1p,w4w,w69,w5j,w4r,w5x,w1w,w61,w1t,w6g,w5p,w72,w4z,w6c,w1x,w30,w1n,w4n,w60,w6f,w4q,w63,w5r,w74,w1r,w6b,w71,w1y,w6e,w4t,w5m,w1m,w4x,w73,w5q,w1q,w4p,w62"
Asia,Turkey,TU,TR,"sz7,sy6,swt,szh,sz6,sx5,syv,sxq,sz3,syd,sx4,sws,sww,sy9,sw7,szr,syy,sye,swm,sx7,szm,sxn,sz0,sxm,syx,swg,sys,sz4,sxr,swz,sy2,swk,sxh,swq,sy3,szq,sy8,swv,sz1,szj,szp,szn,swy,syc,syb,sxk,sx6,syw,swu,swf,szk,swr,sxj,sz2,sxp,syf,syt,swx,sz5,syu,syg,swe,syz"
Oceania,Tuvalu,TV,TV,"ryy,ryt,ryw,ryr,ryv,ryx"
Africa,Uganda,UG,UG,"s8t,sb8,sb0,sbb,s8w,s8r,s8n,kxy,kxt,s8j,s8q,kxz,s8p,sb2,s8x,s8m,kxv"
Africa,Benin,BN,BJ,"s41,s1c,s19,s44,s1f,s13,s1b,s1d,s18,s40,s11"
Africa,Burkina Faso,UV,BF,"s41,ecw,efj,ecv,ecs,s48,s43,s1b,efk,ecy,ecz,efx,s42,ect,efp,efr,efw,efm,efn,efh,ecu,efq,s40"
Europe,Bulgaria,BU,BG,"sxu,sxc,sx8,sx7,srx,sxd,sx2,srr,sxg,sx6,sx3,srz,sxb,sx9,sxs,sxe,sxf"
North America,Bahamas,BF,BS,"d7s,dk9,dk6,dk1,dk2,d7e,dk8,d7f,dk7,d7u,dkb,dhp,dk3,dk4,d7g,dkc,dk5,dhx,dk0"
Europe,Bosnia and Herz.,BK,BA,"u25,srt,srs,u2j,srg,srv,sru,u2h"
Asia,Bahrain,BA,BH,"ths,the"
Oceania,American Samoa,AQ,AS,"2jr,2jq,2nn,2m2"
Africa,Malawi,MI,MW,"kwr,kvb,kv9,kv1,ky0,ktx,kv0,kuc,kv3,kv8,kwp,ky2,ktz,ktr,kub,kv2"
Asia,Malaysia,MY,MY,"w9h,w24,w21,w2q,w1p,w8e,w28,w8f,w2d,w2m,w2x,w94,w83,w97,w31,w2p,w2c,w29,w8g,w30,w1n,w89,w23,w8c,w2b,w0z,w82,w2n,w80,w8d,w26,w95,w0x,w88,w8b,w2r,w22,w8u"
Africa,Namibia,WA,NA,"kk9,k7d,kkk,k7s,kkf,kkw,kks,kk4,k7v,kkb,k6u,k7g,k76,k7n,kk8,k7w,kkg,kkj,kk5,k77,kk1,kkx,k6g,k6y,kkc,k7m,kkn,k6v,kkt,k7h,kku,k7q,kkz,kkd,ksb,k7e,kkq,kkh,k7j,kkm,k7y,kkv,kk7,kky,k74,k7u,k7t,kke,k7k,k7f,kk6,ksc,k75,ks8,kk3"
Europe,Aland,-99,AX,"u6x,u6t,u6w,u6z,u6y"
North America,Bajo Nuevo Bank (Petrel Is.),-99,-99,d4z
Oceania,New Caledonia,NC,NC,"rsr,ru1,rsn,rsk,rsp,rsq,rsm,rsj,rez,rss"
North America,St-Barthélemy,TB,BL,de5
Africa,Burundi,BY,BI,"kxs,kxm,kxj,kxk,kxt"
Europe,Belarus,BO,BY,"u9t,u9h,u9s,u9w,u97,u93,u94,u9m,u90,u9g,u9k,u96,u9q,u9v,u95,u99,u9n,u9j,u9y,u91,u9u,u9f,u9d,u9r,u9x,u92,u98,u9e"
North America,Belize,BH,BZ,"d51,d4b,d52,d50,d4c,d53"
Asia,Armenia,AM,AM,"tp0,tnc,szr,szq,tp2,szp,szn,tnb,tp1"
Seven seas (open ocean),Fr. S. Antarctic Lands,FS,TF,"m9r,jpg,jx2,jpu,kuy,jx6,jps,jx1,jx4,jx0,m9p,jx3,mjn,mjc,kuh"
Asia,Azerbaijan,AJ,AZ,"tp4,tng,tp0,tnc,tp6,szr,tp3,tp7,tp2,szp,tph,tnb,tp1,tp5,tnf"
Europe,Belgium,BE,BE,"u15,u14,u0g,u11,u1h,u0f,u0u"
North America,Bermuda,BD,BM,"dtf,dtd,dtc,dt9"
South America,Bolivia,BL,BO,"6sc,6s8,6ts,6t2,6mq,6td,6kw,6t9,6mz,6w2,6tg,6s1,6sk,6t6,6sy,6s5,6eb,6kx,6sb,6su,6s9,6t5,6kr,6ef,6sf,6sq,6tc,6t1,6th,6s0,6qn,6mp,6w0,6sg,6s4,6ky,6tm,6t0,6se,6st,6tf,6sv,6t4,6s6,6tb,6mw,6sz,6sw,6s3,6t7,6tn,6w1,6mn,6mx,6sd,67z,6te,6mr,6tt,6s7,6t3,6ss,6tk,6t8,6kp,6w3,6s2,6qp,6kz,6my,6tj,6sx"
South America,Brazil,BR,BR,"6zd,d2n,6qv,6u4,6sr,d8s,6z3,7j5,7hf,6qg,6ts,7jc,6qh,7pb,6qy,6rp,d85,75f,6wu,7h8,6wb,6g6,6zs,6gd,7ns,7p5,d8n,6rh,6z8,6uz,7nf,6td,6f1,7ju,7nj,6gg,6ue,d8t,6wp,6ze,7nw,7p9,6ut,6w6,6rw,6v,db4,6tz,dbe,d8u,7nd,7jh,7nn,7p0,6wj,d8f,6up,6w2,6tg,7nk,6zx,6fg,6sn,6u0,6rz,7n4,d84,7n8,db0,7hb,7h1,6gh,7nx,d89,7jd,6um,6g9,75b,7h4,d8j,6wy,6sy,6qs,6zm,6fc,6wc,6tr,7pk,6w5,6us,d82,7jb,7j6,6wr,6z5,db5,7n7,6uh,7k7,7nv,7p8,7j3,7js,6f8,d8m,7jv,6u7,6qw,7je,6q7,6ud,6qz,7hc,7nc,6tv,6zr,6fd,6w9,6uw,6gy,7n3,7j9,7h7,d8d,6x,6zf,6wf,6sq,6u3,6tc,7pn,d8r,6z2,d8k,6qn,7nh,7j0,7n0,7hg,6gu,6un,6w0,d2p,6wm,6g5,6zu,7h3,7ny,6rx,6gk,6wg,6z0,7n9,6qr,db1,6rj,6zp,6g0,d86,6zc,6f9,6z9,6tw,d8v,7nr,7p4,6f4,6tm,7pe,7p1,db7,6rn,7h2,6wd,6ug,d8h,6g4,6y,6zg,7nq,7p3,6uv,6w8,6gb,6u6,6tf,6z6,7n6,6zj,6ux,6gs,7hd,6tq,7pj,6f3,7j7,7hu,6wv,6u8,6rr,6qj,6gv,7jf,6zq,6g8,7nm,d81,6ws,6qt,6u2,6sp,7n2,6fu,d8q,7j2,6qe,7nb,6tu,6f7,6sz,d87,6gj,d2q,6ge,6ww,6sw,6u9,6qq,6zv,6g1,6zb,6zk,6z1,db2,6fv,6tn,e25,7pd,6dx,6w1,6wh,6uc,7h6,6qm,6wn,6ur,6w4,7nu,7p7,6fe,db6,6tx,6zy,6fs,7h9,6g7,7j1,7p2,6f6,6u1,6gm,d8c,6te,6z4,6we,6rm,6uf,6wt,6uy,6gt,6tt,dbh,6gc,6qx,7n1,dbg,75c,6gf,7nz,7r2,6g3,6wq,6zh,6f2,6dz,6qu,6rq,7jg,6u5,db3,6tp,7ng,6w7,6uu,6qk,6z7,dbk,6gw,7n5,6uj,6wk,6wz,6zw,6gz,6tk,7jk,d8p,7j4,d8e,d80,6w3,6uq,6qp,7ne,6fb,6uk,d2r,6ty,6zz,7h0,7nt,7p6,7ph,6ry,6tj,6ub,6wx,dbd,6sx,6gx,6zn,7he,6zt,6ff,7j8"
North America,Barbados,BB,BB,ddm
North America,Dominican Rep.,DR,DO,"d7r,d7s,d7m,d7t,d7q,d7j,d7p,d7n,d7k,d7h"
Oceania,Cook Is.,CW,CK,"2qj,2qr,2kp,2q4,2kr,2s2,2kw,2kn"
Asia,Brunei,BX,BN,"w8f,w8c,w89"
Asia,Cyprus U.N. Buffer Zone,-99,-99,"sy0,swr,swp"
Africa,Algeria,AG,DZ,"sh5,euj,snt,sns,eyp,sj1,sjj,shu,sj7,euw,shd,eun,sh2,shc,sje,sk2,sh8,s5u,evx,s5v,shr,sj4,shg,snj,eus,s59,euz,s5z,evj,s5g,sjv,shx,ev7,sn3,shk,sjp,sne,eud,sn4,ev4,eue,evt,sh3,s5t,egz,sjk,s5e,sjd,shs,sj5,s5f,she,eum,snw,s5k,sn7,eyr,shf,sjs,s5y,snh,eut,evk,ev5,euf,sh7,shj,snd,s58,euv,sj9,shw,evw,eyq,evq,s5d,sjy,eup,ev1,eyn,sj3,shq,sjh,snm,eug,shp,sj2,sn0,shv,sj8,sjc,euq,sh6,s5s,evp,sn6,euu,sjg,sh0,shz,s57,shh,s56,sh4,sn2,evr,sn9,shn,sj0,sju,evh,euk,evy,sht,sj6,shb,sjn,evn,s5b,sk0,sjq,sjb,evz,sjt,eux,euy,snk,sn1,sh9,sjm,sh1,s5c,evm,eur,sjf,euc,sjw,shy,sn5,shm"
Asia,Bhutan,BT,BT,"whc,wj0,tuz,whb,tux,tvp"
Africa,Botswana,BC,BW,"ke8,kec,ks7,ks4,keg,kkw,ksd,ksh,k7n,k7w,k7r,ks6,keu,ke9,ks3,ks0,kkx,ked,kkn,ks2,k7x,k7z,k7q,kkp,kee,kkz,ksf,ksb,k7p,kkq,ke6,keb,ks9,k7y,ke2,ks1,ks5,kef,ksc,ks8,kkr,ke3"
Africa,Central African Rep.,CT,CF,"s2d,s99,s3z,s2y,s3p,s3k,s9b,s8f,s2g,s96,s3w,s91,s34,s3h,s2s,s92,s88,s37,s2z,s93,s2v,s98,s3m,s36,s8g,s27,s3r,s2u,s94,s3n,s2f,s3q,s8c,s2e,s2t,s3t,s3j,s2x,s35,s95,s3x,s8b,s90"
North America,Canada,CA,CA,"f25,f0s,cgs,fne,f0g,f08,f35,f1s,f8t,f71,f2u,ct8,fn3,fhc,cvd,ckg,f6u,f87,f3v,f58,cgn,fh7,f0n,f20,fkp,fjv,f60,cuc,fqc,c88,cfe,c1z,cvy,fq4,f6h,fje,f19,f1t,f36,ced,cs7,f76,f5t,f2t,dpt,ck8,c4t,fh2,bgh,cmv,fj6,fht,dxv,cuh,fqt,cbv,cyh,fb3,f4w,f69,f7e,c0y,f1h,ctb,c4n,fk7,ce9,fde,bur,c3,f9k,bgr,cvv,f8j,cmp,c1g,cf6,bg5,cvp,fnz,f3z,fkf,f6k,fjz,bum,fn7,cu9,csw,fw6,cgd,fqg,f98,f7v,csf,f9f,ckx,fkt,cmy,cfc,cbe,fhj,c4e,cyk,c4x,bfq,fkj,fef,dxg,cg3,ceq,fe1,f8w,dx9,ctx,cky,fqx,f0x,cuu,fc8,ch4,cve,csz,f84,f6r,f8e,bft,ckj,f7s,f95,fkw,cvz,c8w,f72,f5p,cf2,fs2,ce5,f9g,chx,bgn,c2v,c48,f8f,f5f,f2m,dpm,cu5,css,fw2,f81,c2c,f68,fhy,f9r,csb,fqs,bge,cgf,cuk,fd4,cm6,ckt,fw9,ctj,c8t,fnm,cuy,f8q,bfu,fk4,c1u,fq0,f92,f7p,fd9,fec,ceu,cg7,f9x,ckn,cm0,f3u,f57,f7m,fnw,cv6,ctt,cfv,fn0,f3j,ckc,ce1,cgw,f3q,f53,f8b,f2c,f9c,fhm,f2z,dpz,f14,fkb,fhg,f31,fq5,fjr,ct4,f5b,cgj,fc2,fh3,f4r,f64,f0r,f24,f1b,ceb,f9n,fq8,fqm,c44,fh8,cw1,f6d,fjs,bgy,fk0,f61,cs3,ceh,f8m,f2p,cv0,chk,ck4,fkm,bfy,fd3,cud,fnr,f3d,csm,cme,c1q,c8e,ctc,fdb,fbc,fk3,cey,feu,f3n,f13,f9u,c2d,fk6,fe2,c19,fdc,f65,fju,c89,f9t,cd,f6g,cbf,f18,cs6,buq,fdf,c8v,ck7,fmb,cut,f9j,csj,bgg,f70,f5n,fn4,dxf,f8s,ctw,cv9,cgm,fhs,fj5,cmu,fkq,cug,f2h,f9e,f7h,chn,cu8,csv,c0x,fb6,ckk,cmh,f07,f79,f86,f6t,f0w,f29,f9w,f3e,fh1,cvb,fhf,c1j,f1k,cvq,c8g,bgs,fn8,fqf,cfq,ch3,f7y,f1m,cfb,fe6,bfs,c1y,f8z,f5k,cs2,f7c,cgr,cyn,dpk,f2k,f0j,c2g,c2z,fmf,fjy,cvk,f6b,cvu,ckf,ct7,fd0,cep,cg2,ckz,fjk,cgc,c5,cse,fed,c8b,ckw,cm9,c1k,fq7,f6q,f83,ctk,f94,f7r,f2q,cbz,chs,c4u,ctf,f1p,f32,f6x,cgk,c1r,cev,cg8,f5g,c2w,c49,fh4,f1g,cvm,chh,f7u,f97,cfm,f10,fnx,f8v,fd5,f7z,fqk,ce0,ckb,fhn,fj0,fqq,cuj,cyj,f0f,bfv,drf,cmm,ct3,fk5,feg,cf7,cy4,f2n,f40,fw3,bfe,fqw,c9,fjc,f82,f6p,cf1,cbs,fh9,cup,cks,cm5,fjt,fm8,bg7,ce6,cyp,fjh,cff,c4f,cee,f73,f5q,cv1,f3m,f5c,f21,f0b,cez,f9s,f1c,c2s,c45,c8u,f3r,cgg,f4p,f62,buj,fd1,bgx,fk1,c8z,cvh,f6c,bu5,fws,drb,cux,f8r,fj4,fhr,chy,bgk,bfz,fkc,cmq,cu0,csn,ck3,cwn,cy0,cmd,c4m,fbd,fhw,fj9,cu4,csr,f7d,cfj,cm1,fkd,cbw,fjp,cts,cv5,fhx,f8d,cbb,fjb,fwd,cgx,fc0,f6y,f2d,dpy,f2y,fn9,fe9,c4b,f75,f5s,c16,f1x,fns,f7q,f93,c0u,f8c,bgw,f6f,c4q,c0z,cym,f78,f5v,c4c,fmc,ck6,bfw,cby,cub,cen,cg0,cy5,cmt,f3g,fd7,c8f,fj8,fhv,f2g,ces,cg5,c1s,fe3,f7g,cfp,ch2,f2f,f3s,f55,c1n,cmg,cvg,f8y,ce7,cwh,c1x,f06,cm8,ckv,c8y,ch1,c2y,cf8,f6w,f89,f8h,f1e,f3h,c6,f39,f1w,fkn,fm0,cvr,f7x,f66,cgb,cum,csh,f9d,bgm,fq2,c2t,c46,f1z,f3y,c4z,f2r,fnk,cs5,ck2,dxb,f4z,fmg,f3b,csk,fh0,cs0,f1j,fk9,cv8,ctv,cg1,f0z,fnh,cbt,chq,c1v,f5j,cgq,fs0,bup,fj2,fhp,f33,f1q,chr,fj1,fn1,ct6,cke,fhe,cgp,fkh,cu7,csu,fjx,f2x,dpx,cuz,bgq,fq6,cs1,fqj,fjg,cef,f8k,fqv,c4v,cty,f7n,f90,cu1,cmj,cte,bgt,f1f,f0v,f28,fjd,c0w,c29,chm,fjm,c8c,fb9,cek,fwe,cgu,cfg,fhk,fe8,c13,cb8,f0e,cmn,bgp,ck0,ct2,c1w,fs1,f6m,ct0,c4y,cf0,f17,cbc,fke,cv2,ctp,cyq,f7j,cej,c4r,c1d,f6z,f74,cuw,drc,cuf,bgj,cmx,fnt,cy1,cyx,f5y,cew,cg9,f11,ch6,cm2,ckp,ce3,cgy,fhb,f0d,cf4,cmr,cvc,chz,f6s,f85,cvx,fkr,c41,f5d,fh5,c2e,f0p,f22,cvn,csd,cfk,fd6,cm4,ckr,fdh,cgh,c42,fhh,cs9,f9p,cuq,cbg,f1v,f38,f3f,cvt,fm1,cwj,fqu,c7,csg,fqb,chp,bun,fb8,fnp,cku,cm7,f7f,c1m,cfu,ch7,cur,dps,f2s,cyr,c4d,ce8,fjf,ctm,f96,f7t,f77,f5u,cec,fhq,fj3,f37,f1u,c4w,cy7,f15,bfg,dxc,cbx,drg,f2v,dpv,f88,f6v,fhd,f5e,fe0,cet,cg6,cc,f3w,f59,fn2,f0m,f7w,f99,dpw,f2w,fqd,f2e,fn5,fq3,cyw,f6e,fdd,cgt,cvw,bgv,f0t,f26,f5h,bu7,cfn,ch0,cs8,f0h,ck5,cuv,cv4,ctr,cf9,cem,bfx,ct9,fd2,ckh,cer,cg4,cth,cms,fhu,fj7,csx,fqy,cbu,cun,fhz,c28,c0v,cbd,c4h,cu3,csq,f09,fqz,f3c,f2b,fnj,fjj,c4s,f4y,c17,f0y,fkg,f9h,fb2,cfs,ch5,cvf,fk8,f8x,f4x,f3x,cmz,c2x,f8u,f8g,c4j,ck1,ctd,c8d,fbb,cu6,cst,f80,f6n,cfh,fq9,fw8,c4k,fjn,ckm,fkx,cgv,f9b,fnn,c14,f91,ctz,f1n,f30,fnd,c1h,fdk,bgu,f67,c2f,c1p,f27,f0u,fjw,c8s,f3t,f56,f9v,cvj,cge,c43,f5m,f16,f9m,csy,cjp,cmk,f0k,cue,fkk,buk,cwp,cu2,csp,fks,c4g,feb,fk2,f2j,f6j,fs4,fqr,cfd,csc,cv7,ctu,cht,ckq,cm3,ce4,f7k,c1e,f3k,ceg,f41,f0c,cgz,cf3,ctq,cv3,f9y,f1r,f34,fnq,fjq,c2u,c47,fe4,fh6,f63,c2b,f0q,f23,cex,cvs,fqh,cus,buh,f3p,f52,f12,f9q,ckd,ce2,fee,c8x,cb9,cs4,bgz,chj,fqe,c1t,fn6,fq1,f1d,cmw,cf5,ck9,c4p,ct5"
Africa,Comoros,CN,KM,"kvz,kvy"
North America,Cayman Is.,CJ,KY,"d5r,d5q,d5x"
Africa,Eritrea,ER,ER,"sfs,sfe,sg4,sfd,sfq,sf9,sfm,sfu,sg5,sfg,sft,sfn,sff"
Europe,Isle of Man,IM,IM,gcs
Africa,Ethiopia,ET,ET,"sfs,sf3,sby,sfe,sbw,t13,scf,t18,sc4,scw,scb,sf6,s9r,sf0,sbg,sfj,sc1,scs,scp,scm,sbv,scj,scv,sfd,sfq,sbz,sf5,sc9,sce,sbu,sf9,sbb,sf1,sfm,sc8,scn,scr,sfh,sbf,scu,t16,sck,sbt,s9x,sc0,sbe,sc3,sft,scq,sc7,t10,scd,sfn,sf4,t12,sch,t0b,sbc,scy,sbd,sfk,sf7,sc5,sc6,scx,scc,sc2,t11,sct,scg,sbs"
Africa,Cape Verde,CV,CV,"e6x,e6w,e7j,e6y,e7n,e6z"
Oceania,Coral Sea Is.,CR,-99,rkm
Europe,Finland,FI,FI,"ue4,u6x,ud9,ue0,us4,ukq,uee,us7,ues,udd,u7q,u7r,ued,usk,udc,u7n,usj,ukn,uem,us0,udg,ue7,ueh,uet,ue3,udv,ue9,us6,uec,ueu,ush,ud8,uen,ueg,ue2,ueq,u6z,ukp,udf,ue6,ue1,udu,udb,uej,us5,uev,us1,u7p,ukr,uek,ueb,ue5,uef,ude"
Oceania,Fiji,FJ,FJ,"2hc,rux,2j0,ruy,ruw,ruh,rvn,2hb,ruv,2h2,2h9,2h8,rvv,rvp,ruz,2h3"
South America,Falkland Is.,FK,FK,"4wu,4wy,4wv,4ws,4ww,4wt"
Asia,N. Cyprus,-99,-99,"sy0,swr,swp,sy2"
Asia,Dhekelia,-99,-99,"sy0,swp"
Europe,Spain,SP,ES,"et5,eye,sp6,sp5,ezn,ezj,eyx,ez9,ezk,ezf,eym,sp0,ezr,ey7,eth,ezs,ezd,eyw,sp9,ezx,esu,eyz,esg,ez3,sp1,eyq,snb,ezp,eyv,sp2,spd,eze,ezt,sp8,ezh,eys,eyg,ez4,esv,ezm,ezw,eyd,ez7,ezq,ez6,sp4,sp3,etn,snc,eyu,snf,eyk,etj,eyy,eyf,ezg,eyt,ez5"
Europe,Estonia,EN,EE,"uds,ud9,ud3,udd,ud7,ud2,ud6,u6r,ud8,ud5,ud4,ude"
Asia,Cyprus,CY,CY,"sy0,swr,swp,swn"
North America,Dominica,DO,DM,"dds,ddu"
Europe,Denmark,DA,DK,"u1y,u4p,u1x,u4n,u60,u3c,u4j,u1w,u4r,u3f,u3b,u1z,u1v,u38"
South America,Guyana,GY,GY,"d9k,d9t,d8n,d8t,d8u,d8y,d8j,d9n,d8m,d8z,d8r,d8v,d9h,d8q,d8w,d8x,d9p,d9q,d9m,d9j"
Asia,India,IN,IN,"tg8,tev,tsm,t9z,tsh,tu5,tss,ttw,w46,tf2,tdp,ts3,w5c,tgk,ttk,tdu,ts9,tun,wh4,w19,t9g,tgg,tg2,tep,ts7,tv1,w43,tf3,tdq,twp,tff,tsz,whc,tg4,ter,tgc,tuj,tdm,wjh,t9v,wh9,tsf,tee,wh0,tu9,tsw,tfb,tts,tgt,tue,ttx,t9y,tdj,tuf,teh,whf,ttj,twh,tdy,tdx,tsr,tu4,te7,tez,w1c,tuw,tem,tum,tey,tsn,tu0,ts2,tus,wh3,tgs,teq,tg3,tgf,teu,tg7,tuq,tsj,ttt,tf0,tdn,ts6,tuz,wh1,ted,w5f,w47,wh8,whb,wj5,tsv,tu8,ttn,tv0,tse,tdt,w41,tdz,tcb,tf9,tdw,whv,tth,ty0,twn,tux,ttz,tej,t9u,tge,teg,tu3,tsq,ttu,tgv,tug,wh6,tex,tu1,tub,wj1,wh7,tdk,t9q,w1d,tec,tu7,tsu,tv3,ttq,tgz,w14,tuc,tg6,tet,tup,tsk,wh2,tf1,tvb,ts5,ttm,tds,twr,whe,tsd,wj4,tut,ts1,t9x,tek,tc8,ten,tg0,tgd,tty,tes,tg5,tuk,tsx,t97,tuh,tuy,tsc,tur,twj,tew,tg9,tf8,tdv,ttv,tv8,tef,whu,t9r,ttp,tv2,tsp,tu2,tdr,tgy,twq,ttr,te5,t9w,ts4,wjj,td5,tfc,tsy,whd,tg1,tsg,w44,te9,tst,tu6,ts0,tgu,tt5,tud,w16,whg,tgb,tuu"
Africa,Niger,NG,NE,"s4t,s41,s5r,s74,s4x,s77,s4m,s5v,s78,s44,s4q,s63,s5z,s55,s4e,s5n,s70,s4f,s4w,s69,s4d,s7b,s7g,s5t,s76,s71,s4s,s48,s5k,s5y,s5j,s54,s43,s6f,s47,s7c,s4g,s4r,sk4,s5p,s72,s6b,s7f,shp,s42,s75,s5s,s5x,s57,s46,s5m,s4y,s6c,sk1,s73,s5q,s7e,s7d,sk0,s79,s5w,s6d,s49,s4z,s62,s5h,s4k,s4u,s4v,s68"
Europe,Faeroe Is.,FO,FO,"gfg,gg5,gg4"
Asia,Indonesia,ID,ID,"w81,rn7,qzt,qxd,rp0,qrt,qw9,wb4,qr1,qye,qqz,w2t,qpy,rp9,qxh,w0r,w24,qzx,w2j,rp4,qrx,qwf,qwb,qxm,qrm,qx6,w8n,qxg,w21,rpb,qw6,qqw,qwr,w2q,qpr,qr4,wbj,qzj,qrq,qy3,qwq,qxr,qz4,wb5,w15,qys,qxs,qyb,qr5,qqs,w8j,qw2,qzf,qre,w0k,w27,w0u,wb3,qze,w8e,w87,qrf,qrw,wbd,qrd,w0v,w8f,qzw,qww,qy9,w86,qpz,rng,rpk,qrs,qzh,qxx,qw3,w0s,qyy,qzs,qpv,qr8,rns,rp5,rnd,w2m,rp8,qw8,qx8,qwm,qxv,qz8,w0n,w20,qwt,rpe,qqg,qwe,w83,qxq,qz3,qzz,qr3,qwp,qy2,qxc,rn9,qzp,w0j,qyd,qzk,qxn,qz0,w2u,qqv,qxu,qz7,w2p,qyv,qr7,qzg,w0w,w8g,w2e,qxj,qyz,qzr,qrr,qwj,qyg,qrc,qwx,qxy,rnu,rp7,qwn,qy0,w2h,rp6,w0m,qxk,qxf,qzm,qw7,w89,rnf,wb1,qx9,qx4,rpd,rps,wbp,wb7,w0q,qzq,rp1,w2s,qr2,w85,qxp,w8p,qqf,qyu,rnk,wb0,qwd,w82,qqu,wb9,rp3,qr6,qqt,w2n,w80,qyt,qxt,qz6,w8d,qrb,qry,qwz,w0g,qxz,qx3,qqy,w0t,qzy,qx2,qpx,qws,rne,wbf,w8h,w0x,rph,qzn,qwc,qxw,qz9,qpw,qr9,rp2,wb6,qrz,w84,qxb,qqx,qrk,w2r,qwk,w0p,w22,qzd,qzv,qwv,qy8,w8k,qqe,qrv,qr0,qzu,wb2"
Asia,Kyrgyzstan,KG,KG,"txh,tz3,txq,tx1,twg,tz8,txm,tz2,tx4,txt,tx6,twu,tz9,txw,txd,txk,tx7,txe,txj,txs,tx3,txx,txr,txn,twf,tx5"
Asia,Cambodia,CB,KH,"w6d,w65,w3g,w69,w6k,w64,w6h,w61,w60,w63,w3c,w6s,w3f,w67,w6e,w66,w62"
Oceania,Micronesia,FM,FM,"x8g,x2n,x2v,x90,x34,x1e,x1d,x37,x3k,x3d,x3p,x36,x2w"
Africa,Gabon,GB,GA,"krc,s24,kpx,krd,s23,kr2,kpy,s0p,s22,kpz,s21,kr8,s0n,s20,krf,kpw,kr9,kpr,krb"
Europe,United Kingdom,UK,GB,"gcu,gcf,gcy,gcj,gfw,gfm,gcs,gfx,gf6,gf7,gct,gbu,gf3,gce,u10,gf4,gcp,gcq,gfh,u18,gcx,gdn,gcm,gft,gfq,gcw,gbg,gcn,u11,gch,gfk,gbz,gfz,gfn,gcv,gck,gcz,gcg,u12,gbv,gby,gfy,gcr,u13,gfj,gf5,gcd"
Asia,Georgia,GG,GE,"szr,szx,tp3,szm,szq,szt,tp2,tp8,szs,szw"
Europe,Guernsey,GK,GG,gby
Africa,Ghana,GH,GH,"ecw,ecv,s12,ecq,ebv,ecr,ebz,s1b,s0b,eby,ecn,ecy,ecz,ecm,ecx,ecj,s18,ecp,s10"
Africa,Eq. Guinea,EK,GQ,"s0r,kps,s0q,kpe,s0p,s22,s0t,s0w,s0n,s20"
Europe,Greece,GR,GR,"sqr,sx4,swb,sqw,srp,sw7,sw3,sw4,srn,swc,swk,sw6,sx1,sqz,srj,sx2,sw9,srr,sqy,sx6,sw1,swf,sx3,swd,sx0,srq,sw2,sqx,sw8,swe"
Africa,Gambia,GA,GM,"edq,edm,edk"
Africa,Guinea-Bissau,PU,GW,"edm,edn,e9v,edh,e9u,edj,edq"
North America,Grenada,GJ,GD,ddh
North America,Greenland,GL,GL,"fvu,g5t,ftp,fv2,g5c,fgs,fvf,fub,ffu,fg6,gkg,fys,gn4,g4b,fmu,fwm,gtg,gmm,fu5,gqm,g54,gnn,fyy,fvp,ftd,gk1,gnp,gt1,gw3,fy8,gnc,fv8,ftv,fuf,gk8,fut,fw6,gnf,fvy,gkk,fte,fmv,fu7,g5y,fvx,fux,fmy,gwt,gkx,gte,gkm,gt9,gq6,gng,fqp,fvg,gn7,fuk,gnj,ftw,fv9,fup,fw2,fgx,fyk,g48,gq1,gqe,fuw,gme,gqv,gs8,fwh,gm6,gkt,g59,gwx,fyn,fv6,ftt,fge,gw7,fvb,gmz,gqb,fu8,gn0,g5b,gqy,ffv,gmb,fwr,fy4,gnt,gqq,fu1,g52,gwd,gms,fu4,gk5,fg7,fvq,gqc,gnq,gt2,gw4,gmc,gkj,ftq,fv3,gm4,gkr,ftb,gq7,ffz,fyt,fuc,gmp,fvv,gwq,g4c,gn5,g5d,gtf,fwp,fy2,gmh,fmx,gh,gkf,ftf,fug,fw7,fuu,gk7,fmw,fgf,gqj,fvk,gkw,gm9,gwe,gk2,fww,fy9,gnm,fuj,ftz,fyj,g5u,gqu,gqf,fgh,gt8,gmf,gmy,fw3,fuq,fgm,fvh,fgv,g5g,fgw,gkq,gm3,fv0,gq0,fw1,gq3,fws,fy5,gm0,gnz,gw8,fvc,gnu,fu2,fyx,fgq,gmt,gsb,gwm,g4f,g58,gn1,fvr,fy3,fwq,gnd,gqp,gs2,gtb,gw9,gk4,g5w,gk3,gmq,gwr,fyd,ftr,fv4,gq8,gk6,g5e,fgu,gkb,gqd,gmd,fgn,ft9,gqg,gw0,fwk,ffy,gnr,g56,gqx,fvj,fuz,gmg,gm8,gkv,fyp,fqn,gw1,gn9,gke,fum,fgj,gqt,g7b,fwt,fy6,fms,gmk,gny,gnv,fy1,fty,fvn,gqk,g50,gnh,gkz,ffx,gw5,fwx,fg9,gw2,gt7,gmx,fur,fw4,g5v,fgg,fun,fw0,fyw,fu3,ft2,gt3,g57,fvs,fyh,gq4,fgc,gm1,gne,fvd,gtc,fgr,gn2,ftm,fye,ftc,fyr,gku,gm7,gnb,ft8,gkd,g5f,gmn,g53,gqn,fgp,gt0,gmj,fmz,fud,gkh,g5s,fyq,fv1,fmt,fve,gky,fuy,gmr,fvw,gn8,gwk,gws,fvz,gmu,fgt,fwj,gkc,g5z,fgy,gns,gt4,fgz,fym,ftu,fv7,gq9,gqh,fu6,gqw,fyz,gmv,fw5,fus,fy7,fuv,gww,fvt,fgk,g49,fwn,fy0,ftx,gks,gm5,gq2,gqs,gmw,gq5,gk9,fgd,gnw,gnx,fvm,gn6,gnk,fqr,ftg,gn3,gk0,gtd,gqr,fg5,g51,gj,fuh,fu9,gm2,gt6,gw6,fts,fv5,fue"
Asia,Hong Kong,HK,HK,"wec,web,ws1"
Oceania,Kiribati,KR,KI,"82r,rzu,2p5,2pm,xb6,82v,xb5,rzt,2tu,2x1,xbe,rzb,82w,rzs,2pq,2pt,2x3,xb7,882,2pj,2pn,xbd,rzv,2wc"
Asia,Pakistan,PK,PK,"tmm,tm5,tks,tkv,tt4,tsb,ts3,tkz,tmq,ttk,ttf,ts9,tkk,tkw,tsf,tt8,tts,tmx,tws,tt3,ttg,tky,twh,tkp,tk7,tmp,ts2,tkt,tw5,tke,ttt,ts6,tt7,ttc,tkx,tkm,tmh,tth,twn,tmk,tkq,ttu,tt0,tku,tm7,tt2,tt6,ttd,tsd,tw6,twe,tt9,tmj,tsc,tw4,tte,twj,ttv,twm,ts8,tkr,twk,twq,tmr,tt1,twt,tsg,tw1,ts0,tt5,tmn,tw7"
North America,Guatemala,GT,GT,"9fw,d4b,d49,d50,9fx,d4c,9gp,d42,9fr,9fy,9gn,9fz,9fq,d48"
Seven seas (open ocean),Heard I. and McDonald Is.,HM,HM,jws
Europe,Croatia,HR,HR,"u25,sre,srt,srs,u2j,u21,src,srg,srv,u24,sru,srf,u27,u2h"
North America,Haiti,HA,HT,"d7s,d7m,d7e,d75,d77,d7k,d7h"
Europe,Hungary,HU,HU,"u25,u2q,u82,u2k,u2n,u2j,u2x,u2r,u88,u2t,u2p,u2s,u2m,u2w,u27,u2h"
Seven seas (open ocean),Br. Indian Ocean Ter.,IO,IO,"mwf,mwe,mx5"
Europe,Ireland,EI,IE,"gcf,gc9,gc0,gce,gc1,gc8,gcc,gc2,gc4,gc6,gcg,gc3,gc7,gcd"
Asia,Iran,IR,IR,"tnx,tju,tkg,tm5,tks,tnr,tp4,tq5,tkv,tm8,tjf,tk6,tnn,tp0,tm1,tq1,tjr,tj5,tmf,tn8,syr,tk8,tkd,tq7,tn2,thy,tn4,tjn,tmb,tjw,tnc,tqd,tnt,tm9,tjj,tj7,thu,tnh,tnq,tn9,tjv,tq4,tmg,tjc,tnm,tm2,tk7,tj6,tq0,tmc,syx,tjd,tm6,tjm,tn1,tnz,tm0,tjs,thx,tke,tjz,tnd,tn5,tq8,tmh,tm3,tjp,tq3,tkb,tku,tm7,tnp,tj9,thw,tjt,szp,tnj,tne,tqb,tjh,tmd,tn6,tq9,tjy,tn0,tje,tnw,tkf,tnb,tjk,tn7,tkc,tjq,tjb,tnk,tm4,tjg,thz,tn3,tq2,tp1,thv,tk9,tq6,tqe,tme,tns,syz,tjx,tnf"
Asia,Iraq,IZ,IQ,"tj2,svs,svg,svr,tn8,syr,tn2,svv,svz,syj,svu,tjc,sym,tj6,syx,tjd,syn,svy,svp,tj3,syp,sve,tj0,syh,tj9,svx,svt,syw,tn0,syq,svq,tj1,svw,syt,tjb,tj8"
Europe,Iceland,IC,IS,"ge7,g7w,gev,gew,g7z,ged,ge6,ge2,ge3,gek,geg,gee,ges,geb,gec,ge9,ge8,get,gef,g7x,geu,g7r,gem"
North America,St. Kitts and Nevis,SC,KN,de5
Asia,Korea,KS,KR,"wyf,wy5,wy8,wyk,wye,wy4,wyt,wy7,wvf,wy3,wyd,wys,wy0,wyb,wyg,wy1,wy6,wvc,wy9"
North America,Jamaica,JM,JM,"d70,d73,d72,d71"
Africa,Madagascar,MA,MG,"mj6,kgr,kux,mj3,mh2,kgz,mh6,kup,mhd,kvp,mh1,mj7,mjf,mhc,mj0,mje,mjd,mhe,m52,mh8,kun,mjg,kgx,mj1,kuz,m5f,mh0,m5b,mhb,kur,mj5,m59,mh9,kgy,mh4,mhf,mj4,mhg,m5c,m58,mh3"
North America,Mexico,MX,MX,"9gx,9s6,9sn,9u0,9ft,9mq,9t3,d51,9tn,9v0,d5c,9g8,9ev,9sr,9u4,9tm,9mv,9s2,9fw,9sh,9t7,97q,9u9,9sw,9sv,9u8,9ud,9s3,9gk,9sd,9es,9g5,9fc,9ss,9gd,9sz,9te,9ff,9g1,9mm,9tr,9gq,9t4,9kx,d52,9fb,9tq,9gc,dh0,9t0,d50,9s5,9su,9sg,9th,9mw,9t6,9ew,9g9,9fg,9gh,9ez,9sc,9sy,9td,9gp,9en,9g0,9uc,9mt,d5d,9tk,9u1,d53,9mp,9g4,9er,9sj,9s9,9tp,9v2,9gf,9ex,9mx,9mj,d58,9fy,9gz,9ub,9se,9eq,9g3,9m5,9ms,9sf,9gm,9sp,9u2,9kz,9gb,9s8,9tj,9t1,9sk,9u3,9sq,9t2,d5f,9fu,9em,9ge,9tt,9gj,9g6,9et,9sx,9s1,9e3,9sb,9t9,9mn,9g2,9ep,9gn,9kv,9st,9u6,d59,9t8,9ts,9mu,9fz,9eu,9g7,9s4,9t5,9km,9s7,9mr,d5b,9sm,9ky,9my,9fv,9gr,9ey"
Asia,Israel,-99,IL,"sv3,sv2,sv9,svb,sv8,sv0,svc"
Europe,Italy,IT,IT,"spu,sr7,srh,sq2,spq,sr3,u0j,spv,sr8,u0n,u20,spz,spn,srd,sqc,sqd,u0h,sqg,spy,spj,u21,srj,sq3,sqe,spx,u0p,u22,sr1,sr4,u0m,snv,sq9,src,sqf,u0r,u0q,u23,squ,sr6,srk,sqb,sr2,sr5,srb,spm,sny,spw,sr9,sq8"
Asia,Baikonur,-99,-99,"v2h,v2j"
Asia,Siachen Glacier,-99,-99,"twr,twq,twn"
Europe,Kosovo,KV,-99,"srr,srq,srx,srw"
Asia,Jordan,JO,JO,"sv3,svg,sv6,sv2,sv9,svf,sve,sv0,svc,sv1,svd,sv7"
Asia,Kazakhstan,KZ,KZ,"vbf,v9x,v98,trx,v0x,v1h,tx9,v24,v0r,v35,v0g,v2j,trg,trr,v3k,txz,v2e,v3q,v0n,v20,v2v,tpv,v31,v3w,try,v90,v37,v2p,v0y,tre,v04,txb,v9p,v15,vbc,v0c,vb2,v2t,tpt,v26,v0t,v2c,trv,txy,vb8,vbu,v9s,v0h,trq,v3x,vb9,v0q,v23,tx0,v09,v9h,tpw,v2w,vby,v34,tzc,v0m,v99,v2k,v2f,vbg,tz8,txv,v1n,v30,vb1,v8,v3p,vb6,v95,v0z,v2b,trz,v93,v1j,vbb,v0u,v27,v3t,tru,v0d,tps,v2s,v05,vc2,txt,vbv,tx6,vbt,txf,v2x,tpx,tz9,txw,v3h,txd,v9n,tpy,v2y,v3m,v2g,tpg,v3z,vbk,vc1,vc0,vb0,v22,v0p,vbw,tzb,v0j,v92,v0e,vb4,v2r,tpr,v3s,trt,txe,v9c,v9r,v06,v9d,txs,vb7,v96,v9e,tx3,v2n,v28,v0v,vc5,txg,v2h,vbe,txx,trw,v0w,v29,v2z,tpz,v3j,txu,v94,v07,v9j,tpu,v2u,v9m,v0k,v9k,tpq,v2q,tx8,v03,v9f,v1p,v9q,v14,vb3,v3r,v21,tx2,v2d,v9t,v9w,vc4,vbs,v2m,tpm,v91,txc,v36,v3n,v3e,vbd,v9b,trs,v0s,v25,trf,v97,v0f"
Africa,Kenya,KE,KE,"kzh,sbj,sbm,sb7,kzv,kzg,sb3,sb8,kz9,sbv,kzc,kzd,sbu,sb0,kzk,sbb,kz5,sb4,kzs,sbf,sbk,sb1,kze,kz7,sbh,sb5,sbt,kzt,sbe,kz6,kzf,sb6,kzu,sbc,sbd,sb2,sb9,kzb,kz8,sbs"
Seven seas (open ocean),Mauritius,MP,MU,"mq0,mkt,mk3,mkm,mk2"
Asia,Kuwait,KU,KW,"tj6,tj4,tj3,tj1"
Seven seas (open ocean),Maldives,MV,MV,"t85,t8u,t8k,t8s,mxu,t8e,t8h,t95,mxg,t87,t8g,t97,t9h"
Oceania,Niue,NE,NU,2hx
Europe,Netherlands,NL,NL,"u1k,u15,u14,d6p,u1m,u1e,u17,u1h,u1s,de5,u16"
Asia,Lebanon,LE,LB,"sy4,svc,svb,sy1"
South America,Suriname,NS,SR,"dc1,d8y,dc0,dbb,d8z,db9,d8r,db8,db2,dbc,d8w,d8x,db3,d9p"
Europe,Liechtenstein,LS,LI,u0q
Asia,Sri Lanka,CE,LK,"tc1,tc2,tc9,tc6,tc3,tc8,tc0,tc4"
Europe,Norway,-99,-99,"ut8,u79,uk1,u47,utd,uwh,uw2,u4e,u72,u5p,usw,u4t,ukm,gu9,ust,u7f,uq5,uwq,us4,uqr,ukq,u62,ums,ujz,uk5,us7,u5h,umf,umy,ut9,usk,u4x,ukn,us0,uqn,hn6,u78,uk4,us3,uqq,u4s,uw4,uss,umb,uwp,utg,u5r,uk7,u4m,uqh,umv,uw7,us8,uq1,u4w,ume,utc,ukj,u4y,uw6,umd,us6,uwj,umz,us2,uqp,ukx,uqm,uw0,u55,uq0,utf,u4r,uw3,u73,u5q,ukp,uq4,u6c,u7d,utb,umu,gud,u4g,u5m,u4v,u68,use,u7b,umj,u4z,u7c,ukh,u5j,uqj,u4k,u6b,uw5,u4u,usm,uwn,u7g,us1,uw1,usd,umg,u4q,usq,ukr,u76,uwr,uqk,umx,ukk,u5x,umc,unp,u70,u5n,us9,uk6"
Europe,Luxembourg,LU,LU,u0u
Europe,Latvia,LG,LV,"ud3,u6p,udh,u9c,ud2,u9g,ud6,u3z,u6r,ud5,ud0,u3y,ud1,u9u,u6n,u9f,ud4"
Europe,Slovakia,LO,SK,"u2u,u2v,u2k,u2z,u2y,u2x,u88,u2e,u2t,u2s,u2m,u2w"
Europe,Slovenia,SI,SI,"u26,u25,u21,u24,u23,u27"
Africa,Lesotho,LT,LS,"kds,kdg,kde,kdu"
Asia,Nepal,NP,NP,"tuv,tvj,tv1,tv5,tuf,tuw,tus,tv6,tv0,tvh,tv7,tug,tv3,tuc,tut,tuy,tv4,tuu"
Oceania,Nauru,NR,NR,rxy
Oceania,New Zealand,NZ,NZ,"rbe,rb0,rc7,rb6,r8n,pxq,rb1,r8p,rbd,rbu,rce,rb9,pxx,pzb,rcm,rb5,rbg,rch,rc5,rb4,rbt,pzp,rcj,py8,pwv,24c,rb3,2nm,rcq,rcg,rbs,rb7,2nq,pxn,rcs,rck,pxz,rbf,pwy,pz8,204,rcn,rb2,pxy,rbv,pzc,rcf"
Asia,Macao,MC,MO,web
North America,St-Martin,RN,MF,de5
Africa,Morocco,MO,MA,"est,eeu,eyj,evu,evx,esy,esq,esm,eym,ev7,evg,esh,ev4,evt,ey7,esx,eve,esr,ev8,evk,eyh,ev5,evf,evw,eyq,evd,esw,evs,ev1,eyn,esj,eub,esk,ev9,etp,ev2,evv,eev,ev0,evc,evh,evy,esz,eyk,ey5,eeg,esn,evz,ev3,evm,euc,ey4,ev6"
Oceania,Marshall Is.,RM,MH,"x9y,xdj,xc0,x9r,x9x,xf8,xc6,xbb,xcc,xc4,xc9,xc2,xc3,x9p,x8z"
Africa,Nigeria,NI,NG,"s66,s1j,s17,s1x,s16,s4m,s30,s1n,s19,s44,s4q,s63,s1q,s1r,s45,s1u,s1f,s13,s1y,s4h,s4n,s60,s0v,s1t,s0u,s0g,s1k,s32,s1p,s3c,s0y,s1e,s47,s14,s4r,s64,s1g,s1d,s3b,s61,s4j,s3f,s39,s1w,s46,s1h,s1s,s1z,s1m,s15,s4p,s62,s4k,s38,s1v,s11"
North America,Nicaragua,NU,NI,"d4k,d45,d1g,d41,d46,d43,d4h,d4s,d47,d4e,d1u,d44,d1f,d4t"
Oceania,N. Mariana Is.,CQ,MP,"x4z,x5x,x4x,x5p,x5r"
Asia,Oman,MU,OM,"thp,t7b,t5r,t5w,t79,t78,tk8,t5z,t5n,t70,t5k,t4y,tk0,thx,t7c,t72,t5p,tk4,tk1,t5q,t73,tk2,t5m,thr,t5x,t5j,t7f,t4v"
North America,Panama,PM,PA,"d1w,d1m,d1r,d1k,d38,d33,d1q,d32,d1t,d1x"
Oceania,Pitcairn Is.,PC,PN,"35s,35e,35x"
South America,Peru,PE,PE,"6mh,6mu,6qg,6r4,6mb,6qh,6m5,6q6,6md,6q3,6rh,6mq,6kw,6m9,6r7,6rw,6ny,6mz,6pn,6r0,6rt,6rd,6pq,6r3,6rs,6m4,6q7,6mt,6r8,6qd,6mg,6re,6q2,6qn,6mm,6mj,6nx,6qc,6rj,6ky,6rn,6m7,6ku,6r5,6q4,6ms,6mf,6m3,6qj,6rf,6qe,6mw,6pp,6r2,6mk,6rk,6r9,6qm,6mn,6q1,6qb,6mx,6me,6rg,6mc,6rm,6r6,6q5,6mr,6qf,6q8,6qu,6nr,6rq,6kt,6m6,6mv,6kv,6qk,6nz,6q9,6r1,6q0,6my"
Europe,Sweden,SW,SE,"u79,u72,u7z,u66,u7y,u6t,u71,u7f,ukq,u62,u7u,u75,uk5,u6e,u7q,ue8,u7r,u7x,u6m,u4x,ukn,u6h,u60,u7j,us0,u3c,u6d,u65,u7k,u3g,u6j,u74,u7e,u7t,u6s,u69,ukj,ue9,u6g,u7h,u7s,uec,u7w,u6v,u77,u61,u4r,u64,u73,ukp,u6c,u7d,u68,u3f,ukh,u6b,u67,u3b,u7g,u6k,u6f,u63,u76,u7v,ueb,u7m,u6u,u70"
Europe,Macedonia,MK,MK,"srx,srw,sx2,srr,srq"
Africa,Mali,ML,ML,"euj,efd,eg7,ecc,efg,s52,egh,eun,egv,edx,egw,ef9,ef4,edr,s59,egk,ef5,efv,s55,ef0,ege,s4f,s4d,efy,egz,eft,ef6,eg5,efc,s48,ecg,egg,eum,efz,egu,eu7,s54,eff,efu,s58,efk,egp,s5d,edz,ef7,ef1,eup,egt,egy,s4c,s50,egj,efs,efx,s53,egq,efe,ef2,edp,s57,egm,s56,s51,s4b,efw,eu5,egs,efm,ef8,euk,efh,ecu,egx,s5b,s49,efq,ecf,egr,euh,egn,ef3"
Europe,Montenegro,MJ,ME,"srw,srm,srt"
North America,Montserrat,MH,MS,ddg
Asia,Spratly Is.,PG,-99,"w9f,w9c,w99"
Oceania,Palau,PS,PW,"wcr,wby,wcp,wbt"
Seven seas (open ocean),Saint Helena,SH,SH,"79r,7v5,7bb,7wt"
Asia,Tajikistan,TI,TJ,"tw8,txh,tx1,twg,tws,tx0,tw9,tx4,tx6,twu,tqz,trp,twv,twc,twd,twe,tx3,twf,twt,tx5,twb"
North America,Puerto Rico,RQ,PR,"de0,de2,de1,de3,d7p"
Africa,São Tomé and Principe,TP,ST,"s0h,s0m"
Asia,Palestine,-99,PS,"sv8,svc,svb,sv9"
Oceania,Fr. Polynesia,FP,PF,"35b,2ey,2eu,2uf,2u5,2v1,2uu,2up,2us,2tn,2v0,2g1,2uy,2ug,2vh,2tr,2v4,2uv,2v7,2ev,2un,2yk,2uh,2su,2tq,2th,2uw,2uc,2ym,2gz,2tp,2v2,2ez,2t4,2um,2ye,2yj,2ux,2ut,2sv,2v5,2sh,2ub,2t5,2ue,2uj"
Asia,Qatar,QA,QA,"ths,thk"
Africa,Rwanda,RW,RW,"kxs,kxm,kxk,kxt,kxv"
North America,United States,US,US,"f25,dns,dp5,c8k,bu4,bsr,b5m,9qt,dng,dn8,f08,dhv,dj8,djg,dpu,dr7,c83,dnn,dp0,djd,c88,bs1,bdf,9qj,djm,9qf,9tn,9v0,dq6,dpt,dr6,9q5,bd7,8j1,dj9,dhw,9px,c8h,8k2,bs6,bd2,drw,b4v,b68,9tm,9mv,9qp,c2h,bgc,djy,c1g,c82,bg5,9v7,9tu,c2m,87z,c8r,8k4,c81,bkk,cbe,cb7,9u9,bfc,b32,bfq,djj,9ug,cb4,dn3,f03,dnx,cbj,9qy,9vh,bk6,b3u,9x,bft,dju,9ud,c8w,b1k,9qq,zcn,b10,c48,dpm,9vp,bgb,9ve,drv,c8n,bge,9ty,bdw,bf9,dj0,b72,b5p,c8t,b7c,b7f,bsk,b7r,cbn,c22,c0p,b6e,dre,c1b,9te,b3y,9qx,b6q,dpc,bkr,b14,dq1,8e8,9vt,9vn,b4n,dp4,f24,dnr,djq,c2r,c44,bds,9tr,9v4,c1f,bg6,f2p,dpp,dr2,dn2,f02,9qb,bsq,bu3,bd3,9w,dqd,c26,9vw,c8e,9qe,bs2,bu2,bsp,cbr,c2d,c19,drs,c89,bd1,9q8,9qd,zc7,9mf,cb2,9v3,9tq,dj7,b6k,bd8,bgg,c2k,9vx,b7x,djw,dht,dj6,drm,bs7,dph,f2h,b6z,b3d,bs0,c0x,bk7,9vs,b7n,f07,dn7,9qs,b6m,dnw,dp9,bg4,bkj,9qz,9qm,9y,9mw,bfs,dpk,dnj,b33,b1q,dpq,dr3,f2q,bsh,9mz,dq2,8e9,b3s,b6c,b9b,c2w,dje,bdg,9td,b3v,bsw,djv,bg1,b4t,dnf,drf,bkw,9z,cb3,9pp,dpn,dr0,f2n,bfe,cbs,bdx,bg7,9uc,b73,b5q,bfp,9vd,b7d,c23,bsd,dp1,b11,9qh,dnb,9q4,b78,c2s,c45,zcr,b69,dhz,cb6,8ht,b3z,bdc,bss,bu5,b6r,bd4,cbm,b7m,bks,b7s,dj2,bs3,bdt,bu1,cbw,b6w,c1c,dpd,9qw,b3g,c27,bkn,9v2,bg8,b1r,b6j,cbh,bfw,bk1,9vy,9pr,b7h,bgf,dqg,zc6,dpg,9qc,b15,dpf,9mx,c21,dn6,f06,b7k,9vm,drh,zcp,dq9,b1h,9vc,c85,drt,b6n,bdu,c2t,8eb,f2r,dpr,dr4,b7e,dxb,drz,dqb,8hs,b6d,b6y,dj3,dhq,dnz,bs8,9vf,cbt,b7z,b38,bsj,8e3,9tb,9ub,b6v,b1m,dq3,9tz,b5x,c2j,c8m,bkt,b7w,b4p,dpx,9mg,bdy,cb1,djk,9v9,9tw,9qn,9vr,bg0,dn0,f00,bd9,c24,c0r,bs4,bff,dp8,dnv,c29,cbp,9q3,9pz,bsn,bu0,9tg,bu6,bst,b6s,cb8,dne,9tv,9v8,c80,djf,c8p,c86,b77,cb5,b74,b5r,c1d,drc,bd5,c20,b7t,bse,c8j,dhy,9qg,9q7,b6g,bk4,b3e,djs,8kh,b3w,bdd,dnd,9qv,b4u,9tj,c41,c2e,bkq,dp2,dnp,djb,c2p,c42,c2n,c40,dq8,dqf,b7v,9vb,bdv,bf8,b3f,b39,dps,dr5,bg9,f05,dn5,9r,bfg,cbx,drg,dpv,dr8,bkp,be,87y,djc,dnm,cb0,dr9,bfm,dpe,bde,djn,djt,dp6,dnt,bu7,dnh,f0h,b6p,djh,cbk,bfx,bdb,zcq,b7u,9vv,bkh,9tt,9v6,bsm,c84,dn4,f04,b6f,drk,bdz,cbu,c28,cbd,b71,djz,f09,dn9,9tc,b70,b5n,dqc,dpb,bfd,bdk,b7y,bfr,dry,dhx,b7q,dny,c87,b16,b7p,b7j,bg3,b6t,c2x,zcm,b7g,9t9,c8d,9vq,f80,b6x,cbq,9vg,9tx,bgd,bfb,b75,dhm,b6u,bd0,b79,bs9,dq0,9uf,bg2,dru,c8q,9q6,dnu,dp7,c8s,bkx,b76,9t8,c2q,c43,9tf,9v5,9ts,9nz,9qk,9mu,dnk,f0k,9qr,bkm,9vu,f2j,dpj,bs5,bk5,9vk,c1e,dn1,f01,dr1,dnc,9qu,dq4,9q9,c25,b17,drq,dnq,dp3,9my,b9c,9v1,c8x,cb9,drd,9vz,bd6"
Africa,W. Sahara,WI,EH,"eeu,esq,eee,esx,esr,eey,eu9,esj,eub,eu8,eev,esz,eeg,esn,esp,euc"
Asia,Saudi Arabia,SA,SA,"sgw,thp,su9,th5,sgt,sgq,t5w,svs,sv3,thd,sgn,t5v,th9,svr,sfv,t56,suz,suy,thh,sv6,sgj,t5z,suf,t52,sgk,suu,su5,th3,t5c,suq,sur,sux,sgr,t5b,t5g,th0,sun,thg,t5k,t5f,suj,t50,t5y,th8,svk,thk,sfy,sgv,suk,sue,sut,t5u,sv5,sgz,sge,svj,th4,t59,svp,suh,sus,sv4,thb,sve,sgp,svm,suw,su7,t51,thn,tj0,th1,thj,sgu,th7,t5t,t54,t5e,sud,svt,thf,sgy,sv0,t5q,t58,sub,thc,svq,suc,svn,th6,sgs,tj1,sgx,t5m,tj4,svw,sug,sgm,t5x,sgg,svh,sv1,sup,su6,t57,suv,t5d,svd,sum,th2,t53,t5s,sv7,the"
Asia,Scarborough Reef,-99,-99,wde
Africa,Sudan,SU,SD,"sgb,sdg,sdq,sf3,s99,sd9,ser,sg4,s9g,sfb,sed,sgc,sdy,s9f,sdj,s9b,sg7,seu,seh,se9,sez,scb,sdt,sdn,sf0,sg1,sd4,se5,sgf,sdc,sd8,s9u,sfc,sfd,sdf,s9w,set,sg6,seg,sds,sdx,sdk,s6p,sd7,sdw,sf9,sgd,s98,sd0,s9t,sf1,sd3,s9e,sc8,sey,se4,sdb,sex,sep,sg2,sec,sd1,sg5,ses,se7,sem,sf8,sdv,sd6,sd2,sef,sg9,sew,se3,sde,s9d,sdr,sen,sg0,seq,sg3,se1,sf2,sdp,s9z,s6r,sev,sg8,s9y,s9s,sej,sdz,sff,sdm,s9c,sdh,sdu,see,sek,sdd,s6x,s9v,se6,sd5"
Africa,S. Sudan,-99,SS,"s99,s8z,s9f,s8t,scb,s96,s9r,sdn,s9q,sb8,s9w,s93,s9h,s8v,s9m,s9t,sbb,s8g,s9e,sc8,s9p,s9j,s94,s9x,sc0,s9n,s97,s8w,s9d,sdp,s9z,s9y,s9s,sbc,s95,s8u,s9c,sc2,s8y,s8x,s9k,s9v"
Seven seas (open ocean),S. Geo. and S. Sandw. Is.,SX,GS,"5mg,5mt,5mu,5nk,5mv,5nn,5mm,5nm,5nq,5mk"
Oceania,Vanuatu,NH,VU,"rtp,ru8,rsz,rtx,rtw,rtq,ru2,rtr,rtn"
Africa,Somaliland,-99,-99,"t1d,t13,t18,scz,scw,t16,t1b,sfn,t12,t19,t1c,scy,t44,t1f,scx"
North America,St. Pierre and Miquelon,SB,PM,"f8r,fb2"
North America,El Salvador,ES,SV,"d48,9fr,d43,d42"
Europe,San Marino,SM,SM,srb
North America,Sint Maarten,NT,SX,de5
North America,St. Vin. and Gren.,VC,VC,"ddh,ddk"
Asia,Turkmenistan,TX,TM,"tnx,tpj,tqk,tqf,tqw,tq7,tr2,tpp,tny,tqu,tqd,tr6,tpt,trh,tqx,tpw,tr9,tqg,tqc,tr1,tnz,tqt,tqy,trd,tr5,tq8,tqh,tqm,tqz,trj,tqb,tr4,tpr,tqs,tq9,tpn,tr0,tnv,tnw,tr7,tqv,trk,tpq,tr3,tpm,tqe"
Oceania,Tonga,TN,TO,"2h7,2h4,2h5,2he,2hs,2j5,2hk"
Seven seas (open ocean),Seychelles,SE,SC,"mpj,mnx,mq8,mpr,mn3,mnv,mn2,mnz,mpp"
North America,USNB Guantanamo Bay,-99,-99,d7d
Asia,Timor-Leste,TT,TL,"qy3,qy9,qy6,qy2,qyd"
Europe,Vatican,VT,VA,sr2
South America,Venezuela,VE,VE,"d8s,d3j,d2x,d9k,d9t,d3t,d94,dd0,d95,d3e,d83,d3y,d6h,d8u,d9s,d96,d8f,d84,d89,d9g,d3p,d6p,d82,d93,d3u,d3n,d9e,d8d,d9b,d3x,d97,d8g,d86,d3m,d3q,d9h,dd4,d3h,d2z,d3v,ddf,d81,d6j,d92,d3r,d98,d9d,d99,d90,d3z,d8c,d3k,d88,d8b,d9f,d3w,d8e,d6n,d80,d9u,d9c,d2r,d3s,d9m,d9j,d91"
North America,Trinidad and Tobago,TD,TT,"ddh,d9g,d9u"
Africa,Tunisia,TS,TN,"snt,snj,sjv,snx,snn,sjx,snw,sjy,snp,sq0,snm,sjr,snr,snq,sjz,sm8,sjq,smb,sjw"
North America,U.S. Minor Outlying Is.,-99,UM,"83h,8j1,xeq,84z,d76,804,2ry"
South America,Uruguay,UY,UY,"69y,6f1,69z,6f8,6dw,6dr,6f4,6cc,6dq,6f3,6dn,6f0,6dx,6cb,6cf,6dp,6f2"
Asia,Taiwan,TW,TW,"wsk,wev,wey,wsh,wsn,wsm,wsj,wsq"
Africa,Tanzania,TZ,TZ,"kwr,ky4,kzh,kvb,ky1,kye,kyb,kvf,kxp,kz2,kwz,kwv,ky8,kxw,kz9,ky3,kwq,kxr,kz4,ky0,kzd,kz1,kww,ky9,kvg,kz5,kxm,kxx,kxn,kz0,kyk,kz7,kwt,ky6,kys,kwx,kyd,kxj,kyg,kxy,kyf,kxt,kz6,ky2,kyu,kvc,ky5,kxq,kz3,kyc,kwy,ky7,kzb,kyh,kxv,kz8"
North America,British Virgin Is.,VI,VG,"de6,de3"
North America,U.S. Virgin Is.,VQ,VI,"de6,de4,de3,de1"
Asia,Vietnam,VM,VN,"wk0,w6j,w65,w79,w76,w3u,w7e,w6u,w3g,w7d,w3d,w6t,w6k,w6h,w75,wk1,w6g,w7h,w3e,w7u,w3v,wk4,w7c,w6m,w7b,w74,w3c,w6s,w3f,wk5,w7g,w7s,w6v,w73,w77,w7f"
Oceania,Wallis and Futuna Is.,WF,WF,"2jd,2j3"
Asia,Akrotiri,-99,-99,swp
Oceania,Samoa,WS,WS,"2jw,2jt"
Asia,Yemen,YM,YE,"t4u,sfp,sgn,t56,t5h,t4n,t4b,t4m,t4q,t4f,sfq,t4j,t4e,t5k,t50,sfy,t46,sfz,t55,t42,sgp,t51,sfx,t4s,t4d,t54,sfn,sfr,t5m,t43,t49,t5j,t4g,t57,sfw,t48,t4c,t4v"
Africa,South Africa,SF,ZA,"ksj,ke8,hze,kdw,k6r,kdb,ket,kd1,hzd,kep,keg,kdf,k6n,kdk,kd4,k6k,ke0,kej,k9c,k6u,kd8,ksn,ke4,ksh,k7n,k6x,kds,k7w,k7r,keh,kdg,k6m,keu,kd0,k6q,k3z,kd5,kdz,kdt,ke5,kd9,k6g,ked,k6y,k6h,kdc,key,k6v,k7h,k7q,k3v,kee,kdh,kdm,k6p,kev,kek,k6z,kdy,kdd,kdu,k7p,ken,k6w,k3y,kd2,ke6,k6s,keq,ke7,ke2,kdv,kd7,kde,kew,k6t,k9b,kd6,kd3,k6j,kem,ke3,ke1,k9f,kes"
Africa,Zambia,ZA,ZM,"kwr,kts,kt8,ktw,kt1,kth,ktd,kt0,kt7,kwk,kt4,kwq,ktj,kwn,ktx,ktk,kt5,ktt,kmp,kwh,kte,kw1,ktf,kmr,ktm,kt6,kkz,ksf,kwt,kty,kwm,kt2,ksb,ktu,ktb,kw4,ktq,ktv,ksg,ktc,kwp,ktg,kws,kwj,ktz,ktr,ksc,kmx,kt9,kt3"
Africa,Zimbabwe,ZI,ZW,"ksj,ks7,ksv,kth,ksd,ksr,ksn,ksh,ksw,ktj,ks6,kse,ktn,kt5,kss,ksm,ksx,ksy,ksf,ksz,ksp,kst,ksg,ksk,ksu,ks5,ksq,ksc,ktp"
